#usda 1.0
(
    customLayerData = {
        dictionary cameraSettings = {
            dictionary Front = {
                double3 position = (500, 0, 0)
                double radius = 5
            }
            dictionary Perspective = {
                double3 position = (0.5802968484723068, -2.7601569486025173, 0.8932840893675583)
                double3 target = (38.284187858612114, 65.90447222404464, 2.747036458200116)
            }
            dictionary Right = {
                double3 position = (0, -500, 0)
                double radius = 5
            }
            dictionary Top = {
                double3 position = (0, 0, 500)
                double radius = 5
            }
            string boundCamera = "/OmniverseKit_Persp"
        }
        dictionary omni_layer = {
            string authoring_layer = "./kujiale_0004.usda"
            dictionary locked = {
            }
            dictionary muteness = {
            }
        }
        dictionary renderSettings = {
            double "rtx:directLighting:sampledLighting:maxRayUnexposedIntensity" = 9599.9990234375
            double "rtx:indirectDiffuse:maxRayUnexposedIntensity" = 9599.9990234375
            double "rtx:pathtracing:fireflyFilter:maxPerEmissiveUnexposedIntensity" = 4799.99951171875
            double "rtx:pathtracing:fireflyFilter:maxUnexposedIntensityPerSample" = 4799.99951171875
            double "rtx:pathtracing:fireflyFilter:maxUnexposedIntensityPerSampleDiffuse" = 4799.99951171875
            bool "rtx:post:histogram:enabled" = 1
            double "rtx:post:histogram:maxEV" = 131072000
            double "rtx:post:histogram:minEV" = 0.1220703125
            double "rtx:post:histogram:tau" = 2
            double "rtx:post:histogram:whiteScale" = 4.352752685546875
            double "rtx:post:tonemap:cm2Factor" = 0.9999999776482582
            double "rtx:post:tonemap:filmIso" = 150
            double "rtx:raytracing:inscattering:maxRTSampleUnexposedIntensity" = 307199.96875
            double "rtx:reflections:maxRoughness" = 1
            double "rtx:reflections:sampledLighting:maxRayUnexposedIntensity" = 28799.99609375
            double "rtx:translucency:maxRayUnexposedIntensity" = 28799.99609375
        }
    }
    defaultPrim = "Root"
    metersPerUnit = 1
    upAxis = "Z"
)

def Xform "Root"
{
    def Scope "Meshes"
    {
        def Scope "kitchen_768297"
        {
            def Xform "bathroom_product_0000" (
                prepend references = @./Meshes/bathroom_product_0000.usd@
            )
            {
                quatf xformOp:orient = (1, -0, 0, -0)
                float3 xformOp:scale = (1, 1, 1)
                double3 xformOp:translate = (-2.9791406879424334, 1.5912770075363392, 1.0628890781414726)
                uniform token[] xformOpOrder = ["xformOp:translate", "xformOp:orient", "xformOp:scale"]
            }

            def Xform "door_handle_0000" (
                prepend references = @./Meshes/door_handle_0000.usd@
            )
            {
                quatf xformOp:orient = (1, -0, 0, -0)
                float3 xformOp:scale = (1, 1, 1)
                double3 xformOp:translate = (-4.050476905822767, 1.3766166019439572, 1.5877241003128506)
                uniform token[] xformOpOrder = ["xformOp:translate", "xformOp:orient", "xformOp:scale"]

                over "Meshes"
                {
                    over "door_handle_0000"
                    {
                        over "mesh_0000"
                        {
                            token visibility = "invisible"
                        }
                    }
                }
            }

            def Xform "range_hood_0000" (
                prepend references = @./Meshes/range_hood_0000.usd@
            )
            {
                quatf xformOp:orient = (1, -0, 0, -0)
                float3 xformOp:scale = (1, 1, 1)
                double3 xformOp:translate = (-5.000474975586249, 1.494665008540494, 1.820913879386412)
                uniform token[] xformOpOrder = ["xformOp:translate", "xformOp:orient", "xformOp:scale"]
            }

            def Xform "kitchenware_0000" (
                prepend references = @./Meshes/kitchenware_0000.usd@
            )
            {
                quatf xformOp:orient = (1, -0, 0, -0)
                float3 xformOp:scale = (1, 1, 1)
                double3 xformOp:translate = (-5.545092098237746, 1.6630960950483882, 0.9421720390428112)
                uniform token[] xformOpOrder = ["xformOp:translate", "xformOp:orient", "xformOp:scale"]
            }

            def Xform "kitchenware_0001" (
                prepend references = @./Meshes/kitchenware_0001.usd@
            )
            {
                quatf xformOp:orient = (1, -0, 0, -0)
                float3 xformOp:scale = (1, 1, 1)
                double3 xformOp:translate = (-5.617530065538111, 1.6630963192002548, 0.9390567474364832)
                uniform token[] xformOpOrder = ["xformOp:translate", "xformOp:orient", "xformOp:scale"]
            }

            def Xform "kitchenware_0002" (
                prepend references = @./Meshes/kitchenware_0002.usd@
            )
            {
                quatf xformOp:orient = (1, -0, 0, -0)
                float3 xformOp:scale = (1, 1, 1)
                double3 xformOp:translate = (-3.6866401042543844, 1.469493591198118, 0.9447819137012132)
                uniform token[] xformOpOrder = ["xformOp:translate", "xformOp:orient", "xformOp:scale"]
            }

            def Xform "kitchenware_0003" (
                prepend references = @./Meshes/kitchenware_0003.usd@
            )
            {
                quatf xformOp:orient = (1, -0, 0, -0)
                float3 xformOp:scale = (1, 1, 1)
                double3 xformOp:translate = (-5.050476669311519, 1.4846159820557217, 0.8235747718808547)
                uniform token[] xformOpOrder = ["xformOp:translate", "xformOp:orient", "xformOp:scale"]
            }

            def Xform "kitchenware_0004" (
                prepend references = @./Meshes/kitchenware_0004.usd@
            )
            {
                quatf xformOp:orient = (0.70710677, -0, 0, 0.70710677)
                float3 xformOp:scale = (1, 1, 1)
                double3 xformOp:translate = (-2.094768524169922, 0.5620127487182617, 0.8855366838459857)
                uniform token[] xformOpOrder = ["xformOp:translate", "xformOp:orient", "xformOp:scale"]
            }

            def Xform "kitchenware_0005" (
                prepend references = @./Meshes/kitchenware_0005.usd@
            )
            {
                quatf xformOp:orient = (0.70710677, -0, 0, 0.70710677)
                float3 xformOp:scale = (1, 1, 1)
                double3 xformOp:translate = (-2.092976531982422, 0.5687805938720704, 0.8770413033900213)
                uniform token[] xformOpOrder = ["xformOp:translate", "xformOp:orient", "xformOp:scale"]
            }

            def Xform "kitchenware_0006" (
                prepend references = @./Meshes/kitchenware_0006.usd@
            )
            {
                quatf xformOp:orient = (0.70710677, -0, 0, 0.70710677)
                float3 xformOp:scale = (1, 1, 1)
                double3 xformOp:translate = (-2.0942405700683593, 0.5657526397705078, 0.8820329301537764)
                uniform token[] xformOpOrder = ["xformOp:translate", "xformOp:orient", "xformOp:scale"]
            }

            def Xform "cabinet_0009" (
                prepend references = @./Meshes/cabinet_0009.usd@
            )
            {
                quatf xformOp:orient = (1, -0, 0, -0)
                float3 xformOp:scale = (10, 10, 10)
                double3 xformOp:translate = (-3.872976009183594, 0.9321159087617187, 0.3849994909378584)
                uniform token[] xformOpOrder = ["xformOp:translate", "xformOp:orient", "xformOp:scale"]
            }

            def Xform "cabinet_0012" (
                prepend references = @./Meshes/cabinet_0012.usd@
            )
            {
                quatf xformOp:orient = (1, -0, 0, -0)
                float3 xformOp:scale = (10, 10, 10)
                double3 xformOp:translate = (-3.8453215807031254, 0.9096130325550535, 1.949999429902702)
                uniform token[] xformOpOrder = ["xformOp:translate", "xformOp:orient", "xformOp:scale"]
            }

            def Xform "ceiling_light_0001_1115" (
                prepend references = @./Meshes/ceiling_light_0001_1115.usd@
            )
            {
                quatf xformOp:orient = (1, -0, 0, -0)
                float3 xformOp:scale = (1, 1, 1)
                double3 xformOp:translate = (-3.9459741200000003, 0.7306152299999996, 2.3130597880917976)
                uniform token[] xformOpOrder = ["xformOp:translate", "xformOp:orient", "xformOp:scale"]
            }

            def Xform "ornament_0007" (
                prepend references = @./Meshes/ornament_0007.usd@
            )
            {
                quatf xformOp:orient = (0.70710677, -0, 0, 0.70710677)
                float3 xformOp:scale = (1, 1, 1)
                double3 xformOp:translate = (-2.254131011962891, 0.8295861053466798, 0.9509014854484586)
                uniform token[] xformOpOrder = ["xformOp:translate", "xformOp:orient", "xformOp:scale"]
            }

            def Xform "ornament_0008" (
                prepend references = @./Meshes/ornament_0008.usd@
            )
            {
                quatf xformOp:orient = (0.70710677, -0, 0, 0.70710677)
                float3 xformOp:scale = (1, 1, 1)
                double3 xformOp:translate = (-2.2972251892089846, 0.8223739624023437, 0.8891847171882331)
                uniform token[] xformOpOrder = ["xformOp:translate", "xformOp:orient", "xformOp:scale"]
            }

            def Xform "ornament_0009" (
                prepend references = @./Meshes/ornament_0009.usd@
            )
            {
                quatf xformOp:orient = (0.70710677, -0, 0, 0.70710677)
                float3 xformOp:scale = (1, 1, 1)
                double3 xformOp:translate = (-2.3215711975097655, 0.80951904296875, 0.9359865989715124)
                uniform token[] xformOpOrder = ["xformOp:translate", "xformOp:orient", "xformOp:scale"]
            }

            def Xform "ornament_0010" (
                prepend references = @./Meshes/ornament_0010.usd@
            )
            {
                quatf xformOp:orient = (0.70710677, -0, 0, 0.70710677)
                float3 xformOp:scale = (1, 1, 1)
                double3 xformOp:translate = (-2.197223815917969, 0.8894010925292969, 0.9043086299906166)
                uniform token[] xformOpOrder = ["xformOp:translate", "xformOp:orient", "xformOp:scale"]
            }

            def Xform "ornament_0011" (
                prepend references = @./Meshes/ornament_0011.usd@
            )
            {
                quatf xformOp:orient = (0.70710677, -0, 0, 0.70710677)
                float3 xformOp:scale = (1, 1, 1)
                double3 xformOp:translate = (-2.3267202758789063, 0.8121382904052734, 0.8854470148088619)
                uniform token[] xformOpOrder = ["xformOp:translate", "xformOp:orient", "xformOp:scale"]
            }

            def Xform "ornament_0012" (
                prepend references = @./Meshes/ornament_0012.usd@
            )
            {
                quatf xformOp:orient = (0.70710677, -0, 0, 0.70710677)
                float3 xformOp:scale = (1, 1, 1)
                double3 xformOp:translate = (-2.196371612548828, 0.8343699645996094, 0.8510409822569619)
                uniform token[] xformOpOrder = ["xformOp:translate", "xformOp:orient", "xformOp:scale"]
            }

            def Xform "ornament_0013" (
                prepend references = @./Meshes/ornament_0013.usd@
            )
            {
                quatf xformOp:orient = (0.70710677, -0, 0, 0.70710677)
                float3 xformOp:scale = (1, 1, 1)
                double3 xformOp:translate = (-2.3255960083007814, 0.7548635864257812, 0.8500405979189751)
                uniform token[] xformOpOrder = ["xformOp:translate", "xformOp:orient", "xformOp:scale"]
            }

            def Xform "ornament_0014" (
                prepend references = @./Meshes/ornament_0014.usd@
            )
            {
                quatf xformOp:orient = (0.70710677, -0, 0, 0.70710677)
                float3 xformOp:scale = (1, 1, 1)
                double3 xformOp:translate = (-2.1878701782226564, 0.7750650787353516, 0.8518238086714321)
                uniform token[] xformOpOrder = ["xformOp:translate", "xformOp:orient", "xformOp:scale"]
            }

            def Xform "ornament_0015" (
                prepend references = @./Meshes/ornament_0015.usd@
            )
            {
                quatf xformOp:orient = (0.70710677, -0, 0, 0.70710677)
                float3 xformOp:scale = (1, 1, 1)
                double3 xformOp:translate = (-2.2767779541015627, 0.8748612976074219, 0.851393744465513)
                uniform token[] xformOpOrder = ["xformOp:translate", "xformOp:orient", "xformOp:scale"]
            }

            def Xform "ornament_0016" (
                prepend references = @./Meshes/ornament_0016.usd@
            )
            {
                quatf xformOp:orient = (0.70710677, -0, 0, 0.70710677)
                float3 xformOp:scale = (1, 1, 1)
                double3 xformOp:translate = (-2.3323602294921875, 0.8815423583984375, 0.8783066740059297)
                uniform token[] xformOpOrder = ["xformOp:translate", "xformOp:orient", "xformOp:scale"]
            }

            def Xform "ornament_0017" (
                prepend references = @./Meshes/ornament_0017.usd@
            )
            {
                quatf xformOp:orient = (0.70710677, -0, 0, 0.70710677)
                float3 xformOp:scale = (1, 1, 1)
                double3 xformOp:translate = (-2.254319305419922, 0.8377940368652343, 0.8571778650304935)
                uniform token[] xformOpOrder = ["xformOp:translate", "xformOp:orient", "xformOp:scale"]
            }

            def Xform "ornament_0018" (
                prepend references = @./Meshes/ornament_0018.usd@
            )
            {
                quatf xformOp:orient = (0.70710677, -0, 0, 0.70710677)
                float3 xformOp:scale = (1, 1, 1)
                double3 xformOp:translate = (-2.311090545654297, 0.8669063568115235, 0.924165369984752)
                uniform token[] xformOpOrder = ["xformOp:translate", "xformOp:orient", "xformOp:scale"]
            }

            def Xform "ornament_0019" (
                prepend references = @./Meshes/ornament_0019.usd@
            )
            {
                quatf xformOp:orient = (0.70710677, -0, 0, 0.70710677)
                float3 xformOp:scale = (1, 1, 1)
                double3 xformOp:translate = (-2.3001110839843752, 0.7606114959716797, 0.9003060836740414)
                uniform token[] xformOpOrder = ["xformOp:translate", "xformOp:orient", "xformOp:scale"]
            }

            def Xform "ornament_0020" (
                prepend references = @./Meshes/ornament_0020.usd@
            )
            {
                quatf xformOp:orient = (0.70710677, -0, 0, 0.70710677)
                float3 xformOp:scale = (1, 1, 1)
                double3 xformOp:translate = (-2.324436950683594, 0.841927261352539, 0.8497503099463609)
                uniform token[] xformOpOrder = ["xformOp:translate", "xformOp:orient", "xformOp:scale"]
            }

            def Xform "ornament_0021" (
                prepend references = @./Meshes/ornament_0021.usd@
            )
            {
                quatf xformOp:orient = (0.70710677, -0, 0, 0.70710677)
                float3 xformOp:scale = (1, 1, 1)
                double3 xformOp:translate = (-2.235874938964844, 0.7585088348388672, 0.8718977718436212)
                uniform token[] xformOpOrder = ["xformOp:translate", "xformOp:orient", "xformOp:scale"]
            }

            def Xform "ornament_0022" (
                prepend references = @./Meshes/ornament_0022.usd@
            )
            {
                quatf xformOp:orient = (0.70710677, -0, 0, 0.70710677)
                float3 xformOp:scale = (1, 1, 1)
                double3 xformOp:translate = (-2.2175047302246096, 0.8877184295654297, 0.8571345891942765)
                uniform token[] xformOpOrder = ["xformOp:translate", "xformOp:orient", "xformOp:scale"]
            }

            def Xform "ornament_0023" (
                prepend references = @./Meshes/ornament_0023.usd@
            )
            {
                quatf xformOp:orient = (0.70710677, -0, 0, 0.70710677)
                float3 xformOp:scale = (1, 1, 1)
                double3 xformOp:translate = (-2.2718577575683594, 0.7810540771484376, 0.8478053703319006)
                uniform token[] xformOpOrder = ["xformOp:translate", "xformOp:orient", "xformOp:scale"]
            }

            def Xform "ornament_0024" (
                prepend references = @./Meshes/ornament_0024.usd@
            )
            {
                quatf xformOp:orient = (0.70710677, -0, 0, 0.70710677)
                float3 xformOp:scale = (1, 1, 1)
                double3 xformOp:translate = (-2.1930825805664065, 0.8598559570312501, 0.9435238027516973)
                uniform token[] xformOpOrder = ["xformOp:translate", "xformOp:orient", "xformOp:scale"]
            }

            def Xform "ornament_0025" (
                prepend references = @./Meshes/ornament_0025.usd@
            )
            {
                quatf xformOp:orient = (0.70710677, -0, 0, 0.70710677)
                float3 xformOp:scale = (1, 1, 1)
                double3 xformOp:translate = (-2.239705047607422, 0.8876542663574218, 0.9476047744704985)
                uniform token[] xformOpOrder = ["xformOp:translate", "xformOp:orient", "xformOp:scale"]
            }

            def Xform "ornament_0026" (
                prepend references = @./Meshes/ornament_0026.usd@
            )
            {
                quatf xformOp:orient = (0.70710677, -0, 0, 0.70710677)
                float3 xformOp:scale = (1, 1, 1)
                double3 xformOp:translate = (-2.2546817016601564, 0.7860115814208984, 0.9191556520439118)
                uniform token[] xformOpOrder = ["xformOp:translate", "xformOp:orient", "xformOp:scale"]
            }

            def Xform "ornament_0027" (
                prepend references = @./Meshes/ornament_0027.usd@
            )
            {
                quatf xformOp:orient = (0.70710677, -0, 0, 0.70710677)
                float3 xformOp:scale = (1, 1, 1)
                double3 xformOp:translate = (-2.2796693420410157, 0.7570702362060547, 0.9493144540716969)
                uniform token[] xformOpOrder = ["xformOp:translate", "xformOp:orient", "xformOp:scale"]
            }

            def Xform "ornament_0028" (
                prepend references = @./Meshes/ornament_0028.usd@
            )
            {
                quatf xformOp:orient = (0.70710677, -0, 0, 0.70710677)
                float3 xformOp:scale = (1, 1, 1)
                double3 xformOp:translate = (-2.191222686767578, 0.7650337219238281, 0.9027068204786265)
                uniform token[] xformOpOrder = ["xformOp:translate", "xformOp:orient", "xformOp:scale"]
            }

            def Xform "ornament_0029" (
                prepend references = @./Meshes/ornament_0029.usd@
            )
            {
                quatf xformOp:orient = (0.70710677, -0, 0, 0.70710677)
                float3 xformOp:scale = (1, 1, 1)
                double3 xformOp:translate = (-2.221468048095703, 0.8367227935791016, 0.9061579370474571)
                uniform token[] xformOpOrder = ["xformOp:translate", "xformOp:orient", "xformOp:scale"]
            }

            def Xform "ornament_0030" (
                prepend references = @./Meshes/ornament_0030.usd@
            )
            {
                quatf xformOp:orient = (0.70710677, -0, 0, 0.70710677)
                float3 xformOp:scale = (1, 1, 1)
                double3 xformOp:translate = (-2.258417663574219, 0.8792116546630859, 0.9025479946123598)
                uniform token[] xformOpOrder = ["xformOp:translate", "xformOp:orient", "xformOp:scale"]
            }

            def Xform "ornament_0031" (
                prepend references = @./Meshes/ornament_0031.usd@
            )
            {
                quatf xformOp:orient = (0.70710677, -0, 0, 0.70710677)
                float3 xformOp:scale = (1, 1, 1)
                double3 xformOp:translate = (-2.1922846984863282, 0.8069280242919922, 0.9313956365560099)
                uniform token[] xformOpOrder = ["xformOp:translate", "xformOp:orient", "xformOp:scale"]
            }

            def Xform "storage_0000" (
                prepend references = @./Meshes/storage_0000.usd@
            )
            {
                quatf xformOp:orient = (1, -0, 0, -0)
                float3 xformOp:scale = (1, 1, 1)
                double3 xformOp:translate = (-2.09448779299061, 1.4530750885810233, 0.9292074110048819)
                uniform token[] xformOpOrder = ["xformOp:translate", "xformOp:orient", "xformOp:scale"]
            }

            def Xform "storage_0001" (
                prepend references = @./Meshes/storage_0001.usd@
            )
            {
                quatf xformOp:orient = (0.70710677, -0, 0, 0.70710677)
                float3 xformOp:scale = (1, 1, 1)
                double3 xformOp:translate = (-2.2601507568359374, 0.8208315277099609, 0.9079883193986492)
                uniform token[] xformOpOrder = ["xformOp:translate", "xformOp:orient", "xformOp:scale"]
            }

            def Xform "bowl_0000" (
                prepend references = @./Meshes/bowl_0000.usd@
            )
            {
                quatf xformOp:orient = (1, -0, 0, -0)
                float3 xformOp:scale = (1, 1, 1)
                double3 xformOp:translate = (-3.714258419010863, 1.544838729888171, 0.895724449811186)
                uniform token[] xformOpOrder = ["xformOp:translate", "xformOp:orient", "xformOp:scale"]
            }

            def Xform "bowl_0001" (
                prepend references = @./Meshes/bowl_0001.usd@
            )
            {
                quatf xformOp:orient = (1, -0, 0, -0)
                float3 xformOp:scale = (1, 1, 1)
                double3 xformOp:translate = (-3.592464153299897, 1.5175761814130442, 0.8750805644940262)
                uniform token[] xformOpOrder = ["xformOp:translate", "xformOp:orient", "xformOp:scale"]
            }

            def Xform "bowl_0002" (
                prepend references = @./Meshes/bowl_0002.usd@
            )
            {
                quatf xformOp:orient = (1, -0, 0, -0)
                float3 xformOp:scale = (1, 1, 1)
                double3 xformOp:translate = (-4.457594177225756, 1.290372875301666, 0.8981067971281672)
                uniform token[] xformOpOrder = ["xformOp:translate", "xformOp:orient", "xformOp:scale"]
            }

            def Xform "bowl_0003" (
                prepend references = @./Meshes/bowl_0003.usd@
            )
            {
                quatf xformOp:orient = (1, -0, 0, -0)
                float3 xformOp:scale = (1, 1, 1)
                double3 xformOp:translate = (-4.454477668749795, 1.2937551917381498, 0.8806313935163189)
                uniform token[] xformOpOrder = ["xformOp:translate", "xformOp:orient", "xformOp:scale"]
            }

            def Xform "bowl_0004" (
                prepend references = @./Meshes/bowl_0004.usd@
            )
            {
                quatf xformOp:orient = (1, -0, 0, -0)
                float3 xformOp:scale = (1, 1, 1)
                double3 xformOp:translate = (-4.454741756438704, 1.2934722022580323, 0.8598851464610578)
                uniform token[] xformOpOrder = ["xformOp:translate", "xformOp:orient", "xformOp:scale"]
            }

            def Xform "bowl_0005" (
                prepend references = @./Meshes/bowl_0005.usd@
            )
            {
                quatf xformOp:orient = (1, -0, 0, -0)
                float3 xformOp:scale = (1, 1, 1)
                double3 xformOp:translate = (-4.454414463044133, 1.2938264007190525, 0.9174914150693415)
                uniform token[] xformOpOrder = ["xformOp:translate", "xformOp:orient", "xformOp:scale"]
            }

            def Xform "tray_0000" (
                prepend references = @./Meshes/tray_0000.usd@
            )
            {
                quatf xformOp:orient = (1, -0, 0, -0)
                float3 xformOp:scale = (1, 1, 1)
                double3 xformOp:translate = (-5.675433330535888, 1.3803923034667969, 0.8242742166542368)
                uniform token[] xformOpOrder = ["xformOp:translate", "xformOp:orient", "xformOp:scale"]
            }

            def Xform "tray_0001" (
                prepend references = @./Meshes/tray_0001.usd@
            )
            {
                quatf xformOp:orient = (1, -0, 0, -0)
                float3 xformOp:scale = (1, 1, 1)
                double3 xformOp:translate = (-4.501366706848142, 1.3616492538456777, 0.827295552451202)
                uniform token[] xformOpOrder = ["xformOp:translate", "xformOp:orient", "xformOp:scale"]
            }

            def Xform "spoon_0000" (
                prepend references = @./Meshes/spoon_0000.usd@
            )
            {
                quatf xformOp:orient = (1, -0, 0, -0)
                float3 xformOp:scale = (1, 1, 1)
                double3 xformOp:translate = (-4.429429992653659, 1.3354633788846422, 0.93741769218991)
                uniform token[] xformOpOrder = ["xformOp:translate", "xformOp:orient", "xformOp:scale"]
            }

            def Xform "cookware_0000" (
                prepend references = @./Meshes/cookware_0000.usd@
            )
            {
                quatf xformOp:orient = (1, -0, 0, -0)
                float3 xformOp:scale = (1, 1, 1)
                double3 xformOp:translate = (-4.2375538559001455, 1.6291498031956275, 0.8942820189230768)
                uniform token[] xformOpOrder = ["xformOp:translate", "xformOp:orient", "xformOp:scale"]
            }
        }

        def Scope "bathroom_765775"
        {
            def Xform "bathroom_product_0001" (
                prepend references = @./Meshes/bathroom_product_0001.usd@
            )
            {
                quatf xformOp:orient = (6.123234e-17, -0, 0, -1)
                float3 xformOp:scale = (1.0965, 1, 1.0124)
                double3 xformOp:translate = (0.6070697021484375, -6.5840673828125, 0.9225639903641961)
                uniform token[] xformOpOrder = ["xformOp:translate", "xformOp:orient", "xformOp:scale"]
            }

            def Xform "bathroom_product_0003" (
                prepend references = @./Meshes/bathroom_product_0003.usd@
            )
            {
                quatf xformOp:orient = (0.70710695, -0, 0, 0.7071066)
                float3 xformOp:scale = (1, 1, 1)
                double3 xformOp:translate = (-1.426319580078125, -5.3449365234375, 1.346237487210542)
                uniform token[] xformOpOrder = ["xformOp:translate", "xformOp:orient", "xformOp:scale"]
            }

            def Xform "cabinet_0000" (
                prepend references = @./Meshes/cabinet_0000.usd@
            )
            {
                quatf xformOp:orient = (6.123234e-17, -0, 0, -1)
                float3 xformOp:scale = (1.0965, 1, 1.0124)
                double3 xformOp:translate = (0.60499267578125, -6.5840966796875, 1.494656699689009)
                uniform token[] xformOpOrder = ["xformOp:translate", "xformOp:orient", "xformOp:scale"]
            }

            def Xform "cabinet_0001" (
                prepend references = @./Meshes/cabinet_0001.usd@
            )
            {
                quatf xformOp:orient = (6.123234e-17, -0, 0, -1)
                float3 xformOp:scale = (1.0965, 1, 1.0124)
                double3 xformOp:translate = (0.6095562744140625, -6.447109375, 0.4228997253708735)
                uniform token[] xformOpOrder = ["xformOp:translate", "xformOp:orient", "xformOp:scale"]
            }

            def Xform "basin_0000" (
                prepend references = @./Meshes/basin_0000.usd@
            )
            {
                quatf xformOp:orient = (6.123234e-17, -0, 0, -1)
                float3 xformOp:scale = (1.0965, 1, 1.0124)
                double3 xformOp:translate = (0.606990966796875, -6.438950195312501, 0.8012075611498459)
                uniform token[] xformOpOrder = ["xformOp:translate", "xformOp:orient", "xformOp:scale"]
            }

            def Xform "hardware_decoration_0004" (
                prepend references = @./Meshes/hardware_decoration_0004.usd@
            )
            {
                quatf xformOp:orient = (1.3315805e-7, -0, 0, 1)
                float3 xformOp:scale = (0.9627112, 1.1044585, 0.9931236)
                double3 xformOp:translate = (-0.5037374114990234, -6.715128173828125, 0.6094188879608837)
                uniform token[] xformOpOrder = ["xformOp:translate", "xformOp:orient", "xformOp:scale"]
            }

            def Xform "shelf_0001" (
                prepend references = @./Meshes/shelf_0001.usd@
            )
            {
                quatf xformOp:orient = (1.3315805e-7, -0, 0, 1)
                float3 xformOp:scale = (0.64399093, 0.56487346, 0.7667652)
                double3 xformOp:translate = (-1.0454689788818359, -6.673458862304687, 1.5090263870566503)
                uniform token[] xformOpOrder = ["xformOp:translate", "xformOp:orient", "xformOp:scale"]
            }

            def Xform "closestool_0001" (
                prepend references = @./Meshes/closestool_0001.usd@
            )
            {
                quatf xformOp:orient = (1.3315805e-7, -0, 0, 1)
                float3 xformOp:scale = (0.9627112, 1.1044585, 0.9931236)
                double3 xformOp:translate = (-0.4873760986328125, -6.480098266601563, 0.1668591407406825)
                uniform token[] xformOpOrder = ["xformOp:translate", "xformOp:orient", "xformOp:scale"]
            }
        }

        def Scope "bathroom_763004"
        {
            def Xform "bathroom_product_0002" (
                prepend references = @./Meshes/bathroom_product_0002.usd@
            )
            {
                quatf xformOp:orient = (6.123234e-17, -0, 0, -1)
                float3 xformOp:scale = (1, 1, 1)
                double3 xformOp:translate = (-5.7411132812500005, 2.1825341796875, 1.267884215726167)
                uniform token[] xformOpOrder = ["xformOp:translate", "xformOp:orient", "xformOp:scale"]
            }

            def Xform "bathroom_product_0004" (
                prepend references = @./Meshes/bathroom_product_0004.usd@
            )
            {
                quatf xformOp:orient = (1.3315805e-7, -0, 0, 1)
                float3 xformOp:scale = (1, 0.96510184, 1)
                double3 xformOp:translate = (-2.6795916748046875, 2.096026611328125, 0.8929646223874493)
                uniform token[] xformOpOrder = ["xformOp:translate", "xformOp:orient", "xformOp:scale"]
            }

            def Xform "bathroom_product_0005" (
                prepend references = @./Meshes/bathroom_product_0005.usd@
            )
            {
                quatf xformOp:orient = (1, -0, 0, -0)
                float3 xformOp:scale = (1, 1, 1)
                double3 xformOp:translate = (-6.048804931640625, 2.175009460449219, 0.00316795742384281)
                uniform token[] xformOpOrder = ["xformOp:translate", "xformOp:orient", "xformOp:scale"]
            }

            def Xform "bathroom_product_0006" (
                prepend references = @./Meshes/bathroom_product_0006.usd@
            )
            {
                quatf xformOp:orient = (0.70710677, -0, 0, 0.70710677)
                float3 xformOp:scale = (-1.2706, 1.2658, 1.0114)
                double3 xformOp:translate = (-5.608965644492169, 2.8562434528845357, 1.0619541165225668)
                uniform token[] xformOpOrder = ["xformOp:translate", "xformOp:orient", "xformOp:scale"]
            }

            def Xform "cabinet_0004" (
                prepend references = @./Meshes/cabinet_0004.usd@
            )
            {
                quatf xformOp:orient = (1.3315805e-7, -0, 0, 1)
                float3 xformOp:scale = (1, 0.96510184, 1)
                double3 xformOp:translate = (-2.9803875732421874, 2.2250184631347656, 0.49999997711181665)
                uniform token[] xformOpOrder = ["xformOp:translate", "xformOp:orient", "xformOp:scale"]
            }

            def Xform "basin_0001" (
                prepend references = @./Meshes/basin_0001.usd@
            )
            {
                quatf xformOp:orient = (1.3315805e-7, -0, 0, 1)
                float3 xformOp:scale = (1, 0.96510184, 1)
                double3 xformOp:translate = (-2.6795693969726564, 2.2692021179199218, 0.7123979034461104)
                uniform token[] xformOpOrder = ["xformOp:translate", "xformOp:orient", "xformOp:scale"]
            }

            def Xform "hardware_decoration_0003" (
                prepend references = @./Meshes/hardware_decoration_0003.usd@
            )
            {
                quatf xformOp:orient = (1.3315805e-7, -0, 0, 1)
                float3 xformOp:scale = (0.9627112, 1.1044585, 0.9931236)
                double3 xformOp:translate = (-4.539816284179688, 1.9635955810546875, 0.6094188879608837)
                uniform token[] xformOpOrder = ["xformOp:translate", "xformOp:orient", "xformOp:scale"]
            }

            def Xform "ceiling_light_0002_1116" (
                prepend references = @./Meshes/ceiling_light_0002_1116.usd@
            )
            {
                quatf xformOp:orient = (1, -0, 0, -0)
                float3 xformOp:scale = (1, 1, 1)
                double3 xformOp:translate = (-3.9459741200000003, 2.85061523, 2.363059788091797)
                uniform token[] xformOpOrder = ["xformOp:translate", "xformOp:orient", "xformOp:scale"]
            }

            def Xform "mirror_0001" (
                prepend references = @./Meshes/mirror_0001.usd@
            )
            {
                quatf xformOp:orient = (1.3315805e-7, -0, 0, 1)
                float3 xformOp:scale = (1, 0.96510184, 1)
                double3 xformOp:translate = (-2.6795639038085937, 1.9929826354980469, 1.499999572750494)
                uniform token[] xformOpOrder = ["xformOp:translate", "xformOp:orient", "xformOp:scale"]
            }

            def Xform "daily_equipment_0000" (
                prepend references = @./Meshes/daily_equipment_0000.usd@
            )
            {
                quatf xformOp:orient = (1.3315805e-7, -0, 0, 1)
                float3 xformOp:scale = (1, 0.96510184, 1)
                double3 xformOp:translate = (-3.225658264160156, 2.308354797363281, 0.3271936456329624)
                uniform token[] xformOpOrder = ["xformOp:translate", "xformOp:orient", "xformOp:scale"]
            }

            def Xform "daily_equipment_0001" (
                prepend references = @./Meshes/daily_equipment_0001.usd@
            )
            {
                quatf xformOp:orient = (1.3315805e-7, -0, 0, 1)
                float3 xformOp:scale = (1, 0.96510184, 1)
                double3 xformOp:translate = (-3.3317990112304687, 2.017253723144531, 1.454709877014901)
                uniform token[] xformOpOrder = ["xformOp:translate", "xformOp:orient", "xformOp:scale"]
            }

            def Xform "daily_equipment_0002" (
                prepend references = @./Meshes/daily_equipment_0002.usd@
            )
            {
                quatf xformOp:orient = (1.3315805e-7, -0, 0, 1)
                float3 xformOp:scale = (1, 0.96510184, 1)
                double3 xformOp:translate = (-2.5035028076171875, 2.4041571044921874, 0.36067538833657264)
                uniform token[] xformOpOrder = ["xformOp:translate", "xformOp:orient", "xformOp:scale"]
            }

            def Xform "daily_equipment_0003" (
                prepend references = @./Meshes/daily_equipment_0003.usd@
            )
            {
                quatf xformOp:orient = (1.3315805e-7, -0, 0, 1)
                float3 xformOp:scale = (1, 0.96510184, 1)
                double3 xformOp:translate = (-2.605532531738281, 2.4020635986328127, 0.36078409576604886)
                uniform token[] xformOpOrder = ["xformOp:translate", "xformOp:orient", "xformOp:scale"]
            }

            def Xform "daily_equipment_0004" (
                prepend references = @./Meshes/daily_equipment_0004.usd@
            )
            {
                quatf xformOp:orient = (1.3315805e-7, -0, 0, 1)
                float3 xformOp:scale = (1, 0.96510184, 1)
                double3 xformOp:translate = (-3.2357354736328126, 2.0172882080078125, 1.4546597671508776)
                uniform token[] xformOpOrder = ["xformOp:translate", "xformOp:orient", "xformOp:scale"]
            }

            def Xform "daily_equipment_0005" (
                prepend references = @./Meshes/daily_equipment_0005.usd@
            )
            {
                quatf xformOp:orient = (1.3315805e-7, -0, 0, 1)
                float3 xformOp:scale = (1, 0.96510184, 1)
                double3 xformOp:translate = (-3.602868347167969, 2.385181121826172, 0.5408833598988125)
                uniform token[] xformOpOrder = ["xformOp:translate", "xformOp:orient", "xformOp:scale"]
            }

            def Xform "daily_equipment_0006" (
                prepend references = @./Meshes/daily_equipment_0006.usd@
            )
            {
                quatf xformOp:orient = (1.3315805e-7, -0, 0, 1)
                float3 xformOp:scale = (1, 0.96510184, 1)
                double3 xformOp:translate = (-3.5104608154296875, 2.385181121826172, 0.5409003267188294)
                uniform token[] xformOpOrder = ["xformOp:translate", "xformOp:orient", "xformOp:scale"]
            }

            def Xform "daily_equipment_0007" (
                prepend references = @./Meshes/daily_equipment_0007.usd@
            )
            {
                quatf xformOp:orient = (0.70710677, -0, 0, 0.70710677)
                float3 xformOp:scale = (-1.2706, 1.2658, 1.0114)
                double3 xformOp:translate = (-5.019958771307186, 2.4154164040452866, 0.733535405462501)
                uniform token[] xformOpOrder = ["xformOp:translate", "xformOp:orient", "xformOp:scale"]
            }

            def Xform "shelf_0000" (
                prepend references = @./Meshes/shelf_0000.usd@
            )
            {
                quatf xformOp:orient = (1.3315805e-7, -0, 0, 1)
                float3 xformOp:scale = (1, 0.96510184, 1)
                double3 xformOp:translate = (-3.4301654052734376, 2.0180517578125, 1.5000306243901005)
                uniform token[] xformOpOrder = ["xformOp:translate", "xformOp:orient", "xformOp:scale"]
            }

            def Xform "closestool_0000" (
                prepend references = @./Meshes/closestool_0000.usd@
            )
            {
                quatf xformOp:orient = (1.3315805e-7, -0, 0, 1)
                float3 xformOp:scale = (0.9627112, 1.1044585, 0.9931236)
                double3 xformOp:translate = (-4.5234548950195315, 2.238625030517578, 0.1668591407406825)
                uniform token[] xformOpOrder = ["xformOp:translate", "xformOp:orient", "xformOp:scale"]
            }
        }

        def Scope "other"
        {
            def Xform "door_handle_0001" (
                prepend references = @./Meshes/door_handle_0001.usd@
            )
            {
                quatf xformOp:orient = (0.70710695, -0, 0, 0.7071066)
                float3 xformOp:scale = (1, 1, 1)
                double3 xformOp:translate = (-7.53177734375, 0.10760276794433594, 1.5065046234138422)
                uniform token[] xformOpOrder = ["xformOp:translate", "xformOp:orient", "xformOp:scale"]

                over "Meshes"
                {
                    over "door_handle_0001"
                    {
                        over "mesh_0000"
                        {
                            token visibility = "invisible"
                        }
                    }
                }
            }

            def Xform "door_handle_0002" (
                prepend references = @./Meshes/door_handle_0002.usd@
            )
            {
                quatf xformOp:orient = (0.70710695, -0, 0, 0.7071066)
                float3 xformOp:scale = (1, 1, 1)
                double3 xformOp:translate = (-7.5707763671875, 1.91235107421875, 1.5065046234138422)
                uniform token[] xformOpOrder = ["xformOp:translate", "xformOp:orient", "xformOp:scale"]

                over "Meshes"
                {
                    over "door_handle_0002"
                    {
                        over "mesh_0000"
                        {
                            token visibility = "invisible"
                        }
                    }
                }
            }

            def Xform "door_handle_0003" (
                prepend references = @./Meshes/door_handle_0003.usd@
            )
            {
                quatf xformOp:orient = (0.70710695, -0, 0, 0.7071066)
                float3 xformOp:scale = (1, 1, 1)
                double3 xformOp:translate = (-7.5707763671875, 1.97485107421875, 1.5065046234138422)
                uniform token[] xformOpOrder = ["xformOp:translate", "xformOp:orient", "xformOp:scale"]

                over "Meshes"
                {
                    over "door_handle_0003"
                    {
                        over "mesh_0000"
                        {
                            token visibility = "invisible"
                        }
                    }
                }
            }

            def Xform "door_handle_0004" (
                prepend references = @./Meshes/door_handle_0004.usd@
            )
            {
                quatf xformOp:orient = (0.70710695, -0, 0, 0.7071066)
                float3 xformOp:scale = (1, 1, 1)
                double3 xformOp:translate = (-7.53177734375, 3.77960205078125, 1.5065046234138422)
                uniform token[] xformOpOrder = ["xformOp:translate", "xformOp:orient", "xformOp:scale"]

                over "Meshes"
                {
                    over "door_handle_0004"
                    {
                        over "mesh_0000"
                        {
                            token visibility = "invisible"
                        }
                    }
                }
            }

            def Xform "door_handle_0005" (
                prepend references = @./Meshes/door_handle_0005.usd@
            )
            {
                quatf xformOp:orient = (1, -0, 0, -0)
                float3 xformOp:scale = (1, 1, 1)
                double3 xformOp:translate = (6.182523915291044, 1.251116198542706, 1.506504114351693)
                uniform token[] xformOpOrder = ["xformOp:translate", "xformOp:orient", "xformOp:scale"]

                over "Meshes"
                {
                    over "door_handle_0005"
                    {
                        over "mesh_0000"
                        {
                            token visibility = "invisible"
                        }
                    }
                }
            }

            def Xform "door_handle_0006" (
                prepend references = @./Meshes/door_handle_0006.usd@
            )
            {
                quatf xformOp:orient = (1, -0, 0, -0)
                float3 xformOp:scale = (1, 1, 1)
                double3 xformOp:translate = (7.2865229387285435, 1.290116442683331, 1.506504114351693)
                uniform token[] xformOpOrder = ["xformOp:translate", "xformOp:orient", "xformOp:scale"]

                over "Meshes"
                {
                    over "door_handle_0006"
                    {
                        over "mesh_0000"
                        {
                            token visibility = "invisible"
                        }
                    }
                }
            }

            def Xform "door_handle_0007" (
                prepend references = @./Meshes/door_handle_0007.usd@
            )
            {
                quatf xformOp:orient = (0.70710695, -0, 0, 0.7071066)
                float3 xformOp:scale = (1, 1, 1)
                double3 xformOp:translate = (7.49322265625, -2.436396484375, 1.5065046234138422)
                uniform token[] xformOpOrder = ["xformOp:translate", "xformOp:orient", "xformOp:scale"]

                over "Meshes"
                {
                    over "door_handle_0007"
                    {
                        over "mesh_0000"
                        {
                            token visibility = "invisible"
                        }
                    }
                }
            }

            def Xform "door_handle_0008" (
                prepend references = @./Meshes/door_handle_0008.usd@
            )
            {
                quatf xformOp:orient = (0.70710695, -0, 0, 0.7071066)
                float3 xformOp:scale = (1, 1, 1)
                double3 xformOp:translate = (7.4542236328125, -0.707647705078125, 1.5065046234138422)
                uniform token[] xformOpOrder = ["xformOp:translate", "xformOp:orient", "xformOp:scale"]

                over "Meshes"
                {
                    over "door_handle_0008"
                    {
                        over "mesh_0000"
                        {
                            token visibility = "invisible"
                        }
                    }
                }
            }

            def Xform "door_handle_0009" (
                prepend references = @./Meshes/door_handle_0009.usd@
            )
            {
                quatf xformOp:orient = (0.70710695, -0, 0, 0.7071066)
                float3 xformOp:scale = (1, 1, 1)
                double3 xformOp:translate = (7.4542236328125, -0.645147705078125, 1.5065046234138422)
                uniform token[] xformOpOrder = ["xformOp:translate", "xformOp:orient", "xformOp:scale"]

                over "Meshes"
                {
                    over "door_handle_0009"
                    {
                        over "mesh_0000"
                        {
                            token visibility = "invisible"
                        }
                    }
                }
            }

            def Xform "door_handle_0010" (
                prepend references = @./Meshes/door_handle_0010.usd@
            )
            {
                quatf xformOp:orient = (0.70710695, -0, 0, 0.7071066)
                float3 xformOp:scale = (1, 1, 1)
                double3 xformOp:translate = (7.49322265625, 1.083602294921875, 1.5065046234138422)
                uniform token[] xformOpOrder = ["xformOp:translate", "xformOp:orient", "xformOp:scale"]

                over "Meshes"
                {
                    over "door_handle_0010"
                    {
                        over "mesh_0000"
                        {
                            token visibility = "invisible"
                        }
                    }
                }
            }

            def Xform "door_handle_0011" (
                prepend references = @./Meshes/door_handle_0011.usd@
            )
            {
                quatf xformOp:orient = (0.70710695, -0, 0, 0.7071066)
                float3 xformOp:scale = (1, 1, 1)
                double3 xformOp:translate = (-6.310776367187501, -2.7923974609375, 1.5065046234138422)
                uniform token[] xformOpOrder = ["xformOp:translate", "xformOp:orient", "xformOp:scale"]

                over "Meshes"
                {
                    over "door_handle_0011"
                    {
                        over "mesh_0000"
                        {
                            token visibility = "invisible"
                        }
                    }
                }
            }

            def Xform "door_handle_0012" (
                prepend references = @./Meshes/door_handle_0012.usd@
            )
            {
                quatf xformOp:orient = (0.70710695, -0, 0, 0.7071066)
                float3 xformOp:scale = (1, 1, 1)
                double3 xformOp:translate = (-6.349775390625, -0.48839752197265623, 1.5065046234138422)
                uniform token[] xformOpOrder = ["xformOp:translate", "xformOp:orient", "xformOp:scale"]

                over "Meshes"
                {
                    over "door_handle_0012"
                    {
                        over "mesh_0000"
                        {
                            token visibility = "invisible"
                        }
                    }
                }
            }

            def Xform "door_handle_0013" (
                prepend references = @./Meshes/door_handle_0013.usd@
            )
            {
                quatf xformOp:orient = (0.70710695, -0, 0, 0.7071066)
                float3 xformOp:scale = (1, 1, 1)
                double3 xformOp:translate = (-6.310776367187501, 4.0656005859375, 1.5065046234138422)
                uniform token[] xformOpOrder = ["xformOp:translate", "xformOp:orient", "xformOp:scale"]

                over "Meshes"
                {
                    over "door_handle_0013"
                    {
                        over "mesh_0000"
                        {
                            token visibility = "invisible"
                        }
                    }
                }
            }

            def Xform "door_handle_0014" (
                prepend references = @./Meshes/door_handle_0014.usd@
            )
            {
                quatf xformOp:orient = (0.70710695, -0, 0, 0.7071066)
                float3 xformOp:scale = (1, 1, 1)
                double3 xformOp:translate = (-6.349775390625, 6.3696044921875, 1.5065046234138422)
                uniform token[] xformOpOrder = ["xformOp:translate", "xformOp:orient", "xformOp:scale"]

                over "Meshes"
                {
                    over "door_handle_0014"
                    {
                        over "mesh_0000"
                        {
                            token visibility = "invisible"
                        }
                    }
                }
            }

            def Xform "door_handle_0015" (
                prepend references = @./Meshes/door_handle_0015.usd@
            )
            {
                quatf xformOp:orient = (1, -0, 0, -0)
                float3 xformOp:scale = (1, 1, 1)
                double3 xformOp:translate = (6.860521962166043, -2.5648835573166697, 1.506504114351693)
                uniform token[] xformOpOrder = ["xformOp:translate", "xformOp:orient", "xformOp:scale"]

                over "Meshes"
                {
                    over "door_handle_0015"
                    {
                        over "mesh_0000"
                        {
                            token visibility = "invisible"
                        }
                    }
                }
            }

            def Xform "door_handle_0016" (
                prepend references = @./Meshes/door_handle_0016.usd@
            )
            {
                quatf xformOp:orient = (1, -0, 0, -0)
                float3 xformOp:scale = (1, 1, 1)
                double3 xformOp:translate = (7.364520985603543, -2.525882092472919, 1.506504114351693)
                uniform token[] xformOpOrder = ["xformOp:translate", "xformOp:orient", "xformOp:scale"]

                over "Meshes"
                {
                    over "door_handle_0016"
                    {
                        over "mesh_0000"
                        {
                            token visibility = "invisible"
                        }
                    }
                }
            }

            def Xform "door_handle_0017" (
                prepend references = @./Meshes/door_handle_0017.usd@
            )
            {
                quatf xformOp:orient = (0.70710695, -0, 0, 0.7071066)
                float3 xformOp:scale = (1, 1, 1)
                double3 xformOp:translate = (-6.310776367187501, -6.1743994140625, 1.5065046234138422)
                uniform token[] xformOpOrder = ["xformOp:translate", "xformOp:orient", "xformOp:scale"]

                over "Meshes"
                {
                    over "door_handle_0017"
                    {
                        over "mesh_0000"
                        {
                            token visibility = "invisible"
                        }
                    }
                }
            }

            def Xform "door_handle_0018" (
                prepend references = @./Meshes/door_handle_0018.usd@
            )
            {
                quatf xformOp:orient = (0.70710695, -0, 0, 0.7071066)
                float3 xformOp:scale = (1, 1, 1)
                double3 xformOp:translate = (-6.349775390625, -3.8703955078125003, 1.5065046234138422)
                uniform token[] xformOpOrder = ["xformOp:translate", "xformOp:orient", "xformOp:scale"]

                over "Meshes"
                {
                    over "door_handle_0018"
                    {
                        over "mesh_0000"
                        {
                            token visibility = "invisible"
                        }
                    }
                }
            }

            def Xform "hardware_decoration_0000" (
                prepend references = @./Meshes/hardware_decoration_0000.usd@
            )
            {
                quatf xformOp:orient = (0.7090853, -0, 0, -0.7051227)
                float3 xformOp:scale = (-0.9630152, 1.0000156, 1.0684)
                double3 xformOp:translate = (-1.79256591796875, -1.446676025390625, 1.1988633147450265)
                uniform token[] xformOpOrder = ["xformOp:translate", "xformOp:orient", "xformOp:scale"]
            }

            def Xform "hardware_decoration_0001" (
                prepend references = @./Meshes/hardware_decoration_0001.usd@
            )
            {
                quatf xformOp:orient = (1, -0, 0, -0)
                float3 xformOp:scale = (-0.5829, 1, 1.0239)
                double3 xformOp:translate = (-0.8914764404296875, -3.2423779296875, 1.1489105063736225)
                uniform token[] xformOpOrder = ["xformOp:translate", "xformOp:orient", "xformOp:scale"]
            }

            def Xform "hardware_decoration_0002" (
                prepend references = @./Meshes/hardware_decoration_0002.usd@
            )
            {
                quatf xformOp:orient = (0.70232034, -0, 0, 0.711861)
                float3 xformOp:scale = (-1.0974997, 0.9999912, 1.0907)
                double3 xformOp:translate = (6.046108546708166, -0.9966149223477264, 1.2238384452498214)
                uniform token[] xformOpOrder = ["xformOp:translate", "xformOp:orient", "xformOp:scale"]
            }

            def Xform "television_0000" (
                prepend references = @./Meshes/television_0000.usd@
            )
            {
                quatf xformOp:orient = (1, -0, 0, -0)
                float3 xformOp:scale = (1.2666119, 1.0979805, 1.3433565)
                double3 xformOp:translate = (-4.4195645141601565, -3.3423826151094254, 1.17068603515625)
                uniform token[] xformOpOrder = ["xformOp:translate", "xformOp:orient", "xformOp:scale"]
            }

            def Xform "doorsill_0000" (
                prepend references = @./Meshes/doorsill_0000.usd@
            )
            {
                quatf xformOp:orient = (1, -0, 0, -0)
                float3 xformOp:scale = (10, 10, 10)
                double3 xformOp:translate = (-6.2914743699999995, 0.5596165, 0.0049949093785835435)
                uniform token[] xformOpOrder = ["xformOp:translate", "xformOp:orient", "xformOp:scale"]
            }

            def Xform "doorsill_0001" (
                prepend references = @./Meshes/doorsill_0001.usd@
            )
            {
                quatf xformOp:orient = (1, -0, 0, -0)
                float3 xformOp:scale = (10, 10, 10)
                double3 xformOp:translate = (-3.9504760700000006, -0.040383050000000004, 0.0049949093785835435)
                uniform token[] xformOpOrder = ["xformOp:translate", "xformOp:orient", "xformOp:scale"]
            }

            def Xform "doorsill_0002" (
                prepend references = @./Meshes/doorsill_0002.usd@
            )
            {
                quatf xformOp:orient = (1, -0, 0, -0)
                float3 xformOp:scale = (10, 10, 10)
                double3 xformOp:translate = (0.49952301, -4.49888379, 0.0049949093785835435)
                uniform token[] xformOpOrder = ["xformOp:translate", "xformOp:orient", "xformOp:scale"]
            }

            def Xform "doorsill_0003" (
                prepend references = @./Meshes/doorsill_0003.usd@
            )
            {
                quatf xformOp:orient = (1, -0, 0, -0)
                float3 xformOp:scale = (10, 10, 10)
                double3 xformOp:translate = (-1.10047598, 5.9356157199999995, 0.0049949093785835435)
                uniform token[] xformOpOrder = ["xformOp:translate", "xformOp:orient", "xformOp:scale"]
            }

            def Xform "doorsill_0004" (
                prepend references = @./Meshes/doorsill_0004.usd@
            )
            {
                quatf xformOp:orient = (1, -0, 0, -0)
                float3 xformOp:scale = (10, 10, 10)
                double3 xformOp:translate = (-1.8004762600000002, 4.51761621, 0.0049949093785835435)
                uniform token[] xformOpOrder = ["xformOp:translate", "xformOp:orient", "xformOp:scale"]
            }

            def Xform "doorsill_0005" (
                prepend references = @./Meshes/doorsill_0005.usd@
            )
            {
                quatf xformOp:orient = (1, -0, 0, -0)
                float3 xformOp:scale = (10, 10, 10)
                double3 xformOp:translate = (-1.8004762600000002, 3.32761597, 0.0049949093785835435)
                uniform token[] xformOpOrder = ["xformOp:translate", "xformOp:orient", "xformOp:scale"]
            }

            def Xform "doorsill_0006" (
                prepend references = @./Meshes/doorsill_0006.usd@
            )
            {
                quatf xformOp:orient = (1, -0, 0, -0)
                float3 xformOp:scale = (10, 10, 10)
                double3 xformOp:translate = (-1.7925709800000003, -1.4466750099999999, 0.000794909390504472)
                uniform token[] xformOpOrder = ["xformOp:translate", "xformOp:orient", "xformOp:scale"]
            }

            def Xform "doorsill_0007" (
                prepend references = @./Meshes/doorsill_0007.usd@
            )
            {
                quatf xformOp:orient = (1, -0, 0, -0)
                float3 xformOp:scale = (10, 10, 10)
                double3 xformOp:translate = (-1.78247626, -3.84238245, 0.0049949093785835435)
                uniform token[] xformOpOrder = ["xformOp:translate", "xformOp:orient", "xformOp:scale"]
            }

            def Xform "doorsill_0008" (
                prepend references = @./Meshes/doorsill_0008.usd@
            )
            {
                quatf xformOp:orient = (1, -0, 0, -0)
                float3 xformOp:scale = (10, 10, 10)
                double3 xformOp:translate = (-0.00047656, -3.84238245, 0.0049949093785835435)
                uniform token[] xformOpOrder = ["xformOp:translate", "xformOp:orient", "xformOp:scale"]
            }

            def Xform "doorsill_0009" (
                prepend references = @./Meshes/doorsill_0009.usd@
            )
            {
                quatf xformOp:orient = (1, -0, 0, -0)
                float3 xformOp:scale = (10, 10, 10)
                double3 xformOp:translate = (6.0461084000000005, -0.99661447, 0.000794909390504472)
                uniform token[] xformOpOrder = ["xformOp:translate", "xformOp:orient", "xformOp:scale"]
            }

            def Xform "door_0000" (
                prepend references = @./Meshes/door_0000.usd@
            )
            {
                quatf xformOp:orient = (1, -0, 0, -0)
                float3 xformOp:scale = (1, 1, 1)
                double3 xformOp:translate = (-6.27342132, 0.5596169400000001, 1.0704994919378585)
                uniform token[] xformOpOrder = ["xformOp:translate", "xformOp:orient", "xformOp:scale"]

                over "Meshes"
                {
                    over "door_0000"
                    {
                        over "physics_constraint_0001"
                        {
                            token visibility = "invisible"
                        }

                        over "group_0001"
                        {
                            token visibility = "invisible"
                        }
                    }
                }
            }

            def Xform "door_0001" (
                prepend references = @./Meshes/door_0001.usd@
            )
            {
                quatf xformOp:orient = (1, -0, 0, -0)
                float3 xformOp:scale = (1, 1, 1)
                double3 xformOp:translate = (-1.10047653, 5.916593810000001, 1.1828831821871144)
                uniform token[] xformOpOrder = ["xformOp:translate", "xformOp:orient", "xformOp:scale"]

                over "Meshes"
                {
                    over "door_0001"
                    {
                        over "physics_constraint_0001"
                        {
                            token visibility = "invisible"
                        }

                        over "physics_constraint_0002"
                        {
                            token visibility = "invisible"
                        }
                    }
                }
            }

            def Xform "door_0002" (
                prepend references = @./Meshes/door_0002.usd@
            )
            {
                quatf xformOp:orient = (1, -0, 0, -0)
                float3 xformOp:scale = (1, 1, 1)
                double3 xformOp:translate = (-1.8185296199999998, 3.3276160900000002, 1.0704994919378585)
                uniform token[] xformOpOrder = ["xformOp:translate", "xformOp:orient", "xformOp:scale"]

                over "Meshes"
                {
                    over "door_0002"
                    {
                        over "physics_constraint_0001"
                        {
                            token visibility = "invisible"
                        }

                        over "group_0001"
                        {
                            token visibility = "invisible"
                        }
                    }
                }
            }

            def Xform "door_0003" (
                prepend references = @./Meshes/door_0003.usd@
            )
            {
                quatf xformOp:orient = (1, -0, 0, -0)
                float3 xformOp:scale = (1, 1, 1)
                double3 xformOp:translate = (0.02227345, -3.8423830500000005, 1.0779994919378586)
                uniform token[] xformOpOrder = ["xformOp:translate", "xformOp:orient", "xformOp:scale"]

                over "Meshes"
                {
                    over "door_0003"
                    {
                        over "physics_constraint_0001"
                        {
                            token visibility = "invisible"
                        }

                        over "group_0001"
                        {
                            token visibility = "invisible"
                        }
                    }
                }
            }

            def Xform "door_0004" (
                prepend references = @./Meshes/door_0004.usd@
            )
            {
                quatf xformOp:orient = (1, -0, 0, -0)
                float3 xformOp:scale = (1, 1, 1)
                double3 xformOp:translate = (0.49952344, -4.5217015300000005, 1.0704994919378585)
                uniform token[] xformOpOrder = ["xformOp:translate", "xformOp:orient", "xformOp:scale"]

                over "Meshes"
                {
                    over "door_0004"
                    {
                        over "physics_constraint_0001"
                        {
                            token visibility = "invisible"
                        }

                        over "group_0001"
                        {
                            token visibility = "invisible"
                        }

                        over "Plane" (
                            active = false
                        )
                        {
                        }
                    }
                }
            }

            def Xform "door_0005" (
                prepend references = @./Meshes/door_0005.usd@
            )
            {
                quatf xformOp:orient = (1, -0, 0, -0)
                float3 xformOp:scale = (1, 1, 1)
                double3 xformOp:translate = (-3.95047668, -0.040383060000000005, 1.0559993639378584)
                uniform token[] xformOpOrder = ["xformOp:translate", "xformOp:orient", "xformOp:scale"]

                over "Meshes"
                {
                    over "door_0005"
                    {
                        over "physics_constraint_0001"
                        {
                            token visibility = "invisible"
                        }

                        over "physics_constraint_0002"
                        {
                            token visibility = "invisible"
                        }

                        over "physics_constraint_0003"
                        {
                            token visibility = "invisible"
                        }

                        over "group_0001"
                        {
                            token visibility = "invisible"
                        }

                        over "group_0002"
                        {
                            token visibility = "invisible"
                        }

                        over "group_0003"
                        {
                            token visibility = "invisible"
                        }
                    }
                }
            }

            def Xform "door_0006" (
                prepend references = @./Meshes/door_0006.usd@
            )
            {
                quatf xformOp:orient = (1, -0, 0, -0)
                float3 xformOp:scale = (1, 1, 1)
                double3 xformOp:translate = (-1.80772664, -3.84238312, 1.0779994919378586)
                uniform token[] xformOpOrder = ["xformOp:translate", "xformOp:orient", "xformOp:scale"]

                over "Meshes"
                {
                    over "door_0006"
                    {
                        over "physics_constraint_0001"
                        {
                            token visibility = "invisible"
                        }

                        over "group_0001"
                        {
                            token visibility = "invisible"
                        }
                    }
                }
            }

            def Xform "door_0007" (
                prepend references = @./Meshes/door_0007.usd@
            )
            {
                quatf xformOp:orient = (1, -0, 0, -0)
                float3 xformOp:scale = (1, 1, 1)
                double3 xformOp:translate = (-1.8232265200000002, 4.51761585, 1.0779994919378586)
                uniform token[] xformOpOrder = ["xformOp:translate", "xformOp:orient", "xformOp:scale"]

                over "Meshes"
                {
                    over "door_0007"
                    {
                        over "physics_constraint_0001"
                        {
                            token visibility = "invisible"
                        }

                        over "group_0001"
                        {
                            token visibility = "invisible"
                        }
                    }
                }
            }

            def Xform "window_0000" (
                prepend references = @./Meshes/window_0000.usd@
            )
            {
                quatf xformOp:orient = (1, -0, 0, -0)
                float3 xformOp:scale = (1, 1, 1)
                double3 xformOp:translate = (6.29002356, -5.04238403, 1.522)
                uniform token[] xformOpOrder = ["xformOp:translate", "xformOp:orient", "xformOp:scale"]
            }

            def Xform "window_0001" (
                prepend references = @./Meshes/window_0001.usd@
            )
            {
                quatf xformOp:orient = (1, -0, 0, -0)
                float3 xformOp:scale = (1, 1, 1)
                double3 xformOp:translate = (-0.37043041000000004, -6.96079987, 1.500000000000001)
                uniform token[] xformOpOrder = ["xformOp:translate", "xformOp:orient", "xformOp:scale"]
            }

            def Xform "window_0002" (
                prepend references = @./Meshes/window_0002.usd@
            )
            {
                quatf xformOp:orient = (1, -0, 0, -0)
                float3 xformOp:scale = (1, 1, 1)
                double3 xformOp:translate = (-6.33297587, 2.85961594, 1.500000000000001)
                uniform token[] xformOpOrder = ["xformOp:translate", "xformOp:orient", "xformOp:scale"]
            }

            def Xform "window_0003" (
                prepend references = @./Meshes/window_0003.usd@
            )
            {
                quatf xformOp:orient = (1, -0, 0, -0)
                float3 xformOp:scale = (1, 1, 1)
                double3 xformOp:translate = (-6.901975220000001, 3.94717227, 1.500000000000001)
                uniform token[] xformOpOrder = ["xformOp:translate", "xformOp:orient", "xformOp:scale"]
            }

            def Xform "window_0004" (
                prepend references = @./Meshes/window_0004.usd@
            )
            {
                quatf xformOp:orient = (1, -0, 0, -0)
                float3 xformOp:scale = (1, 1, 1)
                double3 xformOp:translate = (-6.90197461, -0.07879867, 1.500000000000001)
                uniform token[] xformOpOrder = ["xformOp:translate", "xformOp:orient", "xformOp:scale"]
            }

            def Xform "window_0005" (
                prepend references = @./Meshes/window_0005.usd@
            )
            {
                quatf xformOp:orient = (1, -0, 0, -0)
                float3 xformOp:scale = (1, 1, 1)
                double3 xformOp:translate = (-7.569974610000001, 1.94361646, 1.500413700289062)
                uniform token[] xformOpOrder = ["xformOp:translate", "xformOp:orient", "xformOp:scale"]
            }

            def Xform "window_0006" (
                prepend references = @./Meshes/window_0006.usd@
            )
            {
                quatf xformOp:orient = (1, -0, 0, -0)
                float3 xformOp:scale = (1, 1, 1)
                double3 xformOp:translate = (6.73452344, 1.28911597, 1.500413700289062)
                uniform token[] xformOpOrder = ["xformOp:translate", "xformOp:orient", "xformOp:scale"]
            }

            def Xform "window_0007" (
                prepend references = @./Meshes/window_0007.usd@
            )
            {
                quatf xformOp:orient = (1, -0, 0, -0)
                float3 xformOp:scale = (1, 1, 1)
                double3 xformOp:translate = (7.45502393, -0.6763835400000001, 1.500413700289062)
                uniform token[] xformOpOrder = ["xformOp:translate", "xformOp:orient", "xformOp:scale"]
            }

            def Xform "window_0008" (
                prepend references = @./Meshes/window_0008.usd@
            )
            {
                quatf xformOp:orient = (1, -0, 0, -0)
                float3 xformOp:scale = (1, 1, 1)
                double3 xformOp:translate = (-6.34897461, -1.64038306, 1.500413700289062)
                uniform token[] xformOpOrder = ["xformOp:translate", "xformOp:orient", "xformOp:scale"]
            }

            def Xform "window_0009" (
                prepend references = @./Meshes/window_0009.usd@
            )
            {
                quatf xformOp:orient = (1, -0, 0, -0)
                float3 xformOp:scale = (1, 1, 1)
                double3 xformOp:translate = (-6.348974849999999, 5.21761621, 1.500413700289062)
                uniform token[] xformOpOrder = ["xformOp:translate", "xformOp:orient", "xformOp:scale"]
            }

            def Xform "window_0010" (
                prepend references = @./Meshes/window_0010.usd@
            )
            {
                quatf xformOp:orient = (1, -0, 0, -0)
                float3 xformOp:scale = (1, 1, 1)
                double3 xformOp:translate = (7.11252344, -2.5268830600000003, 1.500413700289062)
                uniform token[] xformOpOrder = ["xformOp:translate", "xformOp:orient", "xformOp:scale"]
            }

            def Xform "window_0011" (
                prepend references = @./Meshes/window_0011.usd@
            )
            {
                quatf xformOp:orient = (1, -0, 0, -0)
                float3 xformOp:scale = (1, 1, 1)
                double3 xformOp:translate = (-6.34897461, -5.02238379, 1.500413700289062)
                uniform token[] xformOpOrder = ["xformOp:translate", "xformOp:orient", "xformOp:scale"]
            }
        }

        def Scope "studyroom_763003"
        {
            def Xform "vase_0000" (
                prepend references = @./Meshes/vase_0000.usd@
            )
            {
                quatf xformOp:orient = (1, -0, 0, -0)
                float3 xformOp:scale = (0.3427, 0.3427, 0.3427)
                double3 xformOp:translate = (-3.266655307427216, 6.672999061100595, 1.4616541547806856)
                uniform token[] xformOpOrder = ["xformOp:translate", "xformOp:orient", "xformOp:scale"]

                over "Meshes"
                {
                    over "vase_0000"
                    {
                        over "mesh_0001"
                        {
                            over "SM_Clutter_0007_Part_0000_21"
                            {
                                quatf xformOp:orient = (1, 0, 0, 0)
                                float3 xformOp:scale = (1, 1, 1)
                                double3 xformOp:translate = (0, 0, 0)
                                uniform token[] xformOpOrder = ["xformOp:translate", "xformOp:orient", "xformOp:scale"]
                            }
                        }
                    }
                }
            }

            def Xform "cabinet_0010" (
                prepend references = @./Meshes/cabinet_0010.usd@
            )
            {
                quatf xformOp:orient = (1, -0, 0, -0)
                float3 xformOp:scale = (10, 10, 10)
                double3 xformOp:translate = (-4.0459753402968754, 5.420615606015627, 0.9999994909378583)
                uniform token[] xformOpOrder = ["xformOp:translate", "xformOp:orient", "xformOp:scale"]
            }

            def Xform "curtain_0012" (
                prepend references = @./Meshes/curtain_0012.usd@
            )
            {
                quatf xformOp:orient = (0.70710677, -0, 0, 0.70710677)
                float3 xformOp:scale = (0.9143661, 1.0142034, 0.75420666)
                double3 xformOp:translate = (-6.112592163085938, 4.383375549316407, 1.913449280177374)
                uniform token[] xformOpOrder = ["xformOp:translate", "xformOp:orient", "xformOp:scale"]
            }

            def Xform "curtain_0015" (
                prepend references = @./Meshes/curtain_0015.usd@
            )
            {
                quatf xformOp:orient = (0.70710677, -0, 0, 0.70710677)
                float3 xformOp:scale = (-0.97356766, 0.92633957, 0.8464143)
                double3 xformOp:translate = (-6.095438117266359, 5.737313171348783, 1.9042278353139859)
                uniform token[] xformOpOrder = ["xformOp:translate", "xformOp:orient", "xformOp:scale"]
            }

            def Xform "curtain_0016" (
                prepend references = @./Meshes/curtain_0016.usd@
            )
            {
                quatf xformOp:orient = (0.70710677, -0, 0, 0.70710677)
                float3 xformOp:scale = (-0.97356766, 0.92633957, 0.8464143)
                double3 xformOp:translate = (-6.176681665188389, 5.864268412492115, 1.9380947078868935)
                uniform token[] xformOpOrder = ["xformOp:translate", "xformOp:orient", "xformOp:scale"]
            }

            def Xform "ceiling_light_0000" (
                prepend references = @./Meshes/ceiling_light_0000.usd@
            )
            {
                quatf xformOp:orient = (1, -0, 0, -0)
                float3 xformOp:scale = (1, 1, 1)
                double3 xformOp:translate = (-3.9459741210937502, 5.130615234375, 2.4750584030169165)
                uniform token[] xformOpOrder = ["xformOp:translate", "xformOp:orient", "xformOp:scale"]
            }

            def Xform "pillow_0004" (
                prepend references = @./Meshes/pillow_0004.usd@
            )
            {
                quatf xformOp:orient = (1, -0, 0, -0)
                float3 xformOp:scale = (1.0116105, 0.9592587, 0.7893069)
                double3 xformOp:translate = (-4.698025347289436, 5.85384275851462, 0.7704011034454927)
                uniform token[] xformOpOrder = ["xformOp:translate", "xformOp:orient", "xformOp:scale"]
            }

            def Xform "pillow_0005" (
                prepend references = @./Meshes/pillow_0005.usd@
            )
            {
                quatf xformOp:orient = (1, -0, 0, -0)
                float3 xformOp:scale = (1.0116105, 0.9592587, 0.7893069)
                double3 xformOp:translate = (-5.544112869463293, 5.864844248628319, 0.7661171875800759)
                uniform token[] xformOpOrder = ["xformOp:translate", "xformOp:orient", "xformOp:scale"]
            }

            def Xform "bed_0001" (
                prepend references = @./Meshes/bed_0001.usd@
            )
            {
                quatf xformOp:orient = (1, -0, 0, -0)
                float3 xformOp:scale = (1.0116105, 0.9592587, 0.7893069)
                double3 xformOp:translate = (-5.139537570352204, 5.095358956948244, 0.620761385526952)
                uniform token[] xformOpOrder = ["xformOp:translate", "xformOp:orient", "xformOp:scale"]
            }

            def Xform "painting_0000" (
                prepend references = @./Meshes/painting_0000.usd@
            )
            {
                quatf xformOp:orient = (6.123234e-17, -0, 0, -1)
                float3 xformOp:scale = (1, 1, 1)
                double3 xformOp:translate = (-5.4664599609375, 4.0288720703125005, 1.9087951660156248)
                uniform token[] xformOpOrder = ["xformOp:translate", "xformOp:orient", "xformOp:scale"]
            }

            def Xform "painting_0001" (
                prepend references = @./Meshes/painting_0001.usd@
            )
            {
                quatf xformOp:orient = (6.123234e-17, -0, 0, -1)
                float3 xformOp:scale = (1, 1, 1)
                double3 xformOp:translate = (-4.9261279296875005, 4.0288720703125005, 1.9087951660156248)
                uniform token[] xformOpOrder = ["xformOp:translate", "xformOp:orient", "xformOp:scale"]
            }

            def Xform "painting_0002" (
                prepend references = @./Meshes/painting_0002.usd@
            )
            {
                quatf xformOp:orient = (6.123234e-17, -0, 0, -1)
                float3 xformOp:scale = (1, 1, 1)
                double3 xformOp:translate = (-5.2004833984375, 4.0288720703125005, 1.278408203125)
                uniform token[] xformOpOrder = ["xformOp:translate", "xformOp:orient", "xformOp:scale"]
            }

            def Xform "painting_0003" (
                prepend references = @./Meshes/painting_0003.usd@
            )
            {
                quatf xformOp:orient = (6.123234e-17, -0, 0, -1)
                float3 xformOp:scale = (1, 1, 1)
                double3 xformOp:translate = (-4.6601513671875, 4.0288720703125005, 1.278408203125)
                uniform token[] xformOpOrder = ["xformOp:translate", "xformOp:orient", "xformOp:scale"]
            }

            def Xform "painting_0004" (
                prepend references = @./Meshes/painting_0004.usd@
            )
            {
                quatf xformOp:orient = (6.123234e-17, -0, 0, -1)
                float3 xformOp:scale = (1, 1, 1)
                double3 xformOp:translate = (-4.38104736328125, 4.0288720703125005, 1.9087951660156248)
                uniform token[] xformOpOrder = ["xformOp:translate", "xformOp:orient", "xformOp:scale"]
            }

            def Xform "clock_0000" (
                prepend references = @./Meshes/clock_0000.usd@
            )
            {
                quatf xformOp:orient = (1, -0, 0, -0)
                float3 xformOp:scale = (1, 1, 1)
                double3 xformOp:translate = (-2.695127349877714, 6.474147102313197, 0.6204957642446998)
                uniform token[] xformOpOrder = ["xformOp:translate", "xformOp:orient", "xformOp:scale"]
            }

            def Xform "office_supply_0000" (
                prepend references = @./Meshes/office_supply_0000.usd@
            )
            {
                quatf xformOp:orient = (1, -0, 0, -0)
                float3 xformOp:scale = (1, 1, 0.941)
                double3 xformOp:translate = (-3.5507006301800206, 6.545029586734371, 0.8992234199323869)
                uniform token[] xformOpOrder = ["xformOp:translate", "xformOp:orient", "xformOp:scale"]

                over "Meshes"
                {
                    over "office_supply_0000"
                    {
                        quatd xformOp:orient = (1, 0, 0, 0)
                        double3 xformOp:scale = (0.0010000000474974513, 0.0010000000474974513, 0.0010000000474974513)
                        double3 xformOp:translate = (0, 0, -0.37451459163976775)
                        uniform token[] xformOpOrder = ["xformOp:translate", "xformOp:orient", "xformOp:scale"]
                    }
                }
            }

            def Xform "office_supply_0001" (
                prepend references = @./Meshes/office_supply_0001.usd@
            )
            {
                quatf xformOp:orient = (1, -0, 0, -0)
                float3 xformOp:scale = (1, 1, 1)
                double3 xformOp:translate = (-4.091658607478599, 6.553851882899436, 0.7251029886462468)
                uniform token[] xformOpOrder = ["xformOp:translate", "xformOp:orient", "xformOp:scale"]
            }

            def Xform "book_0000" (
                prepend references = @./Meshes/book_0000.usd@
            )
            {
                quatf xformOp:orient = (1, -0, 0, -0)
                float3 xformOp:scale = (1, 1, 1)
                double3 xformOp:translate = (-3.020644578933753, 6.631134685516604, 0.6676380582981704)
                uniform token[] xformOpOrder = ["xformOp:translate", "xformOp:orient", "xformOp:scale"]
            }

            def Xform "book_0001" (
                prepend references = @./Meshes/book_0001.usd@
            )
            {
                quatf xformOp:orient = (1, -0, 0, -0)
                float3 xformOp:scale = (1, 1, 1)
                double3 xformOp:translate = (-3.005102691650393, 6.63522179412874, 0.6477940505678825)
                uniform token[] xformOpOrder = ["xformOp:translate", "xformOp:orient", "xformOp:scale"]
            }

            def Xform "book_0002" (
                prepend references = @./Meshes/book_0002.usd@
            )
            {
                quatf xformOp:orient = (1, -0, 0, -0)
                float3 xformOp:scale = (1, 1, 1)
                double3 xformOp:translate = (-3.016447925567629, 6.661429191589698, 0.6381666852171549)
                uniform token[] xformOpOrder = ["xformOp:translate", "xformOp:orient", "xformOp:scale"]
            }

            def Xform "book_0003" (
                prepend references = @./Meshes/book_0003.usd@
            )
            {
                quatf xformOp:orient = (1, -0, 0, -0)
                float3 xformOp:scale = (1, 1, 1)
                double3 xformOp:translate = (-3.0048832321167054, 6.651975296020911, 0.6219076300795223)
                uniform token[] xformOpOrder = ["xformOp:translate", "xformOp:orient", "xformOp:scale"]
            }

            def Xform "book_0004" (
                prepend references = @./Meshes/book_0004.usd@
            )
            {
                quatf xformOp:orient = (1, -0, 0, -0)
                float3 xformOp:scale = (1, 1, 1)
                double3 xformOp:translate = (-3.017249187469529, 6.663676788330515, 0.5990604506666639)
                uniform token[] xformOpOrder = ["xformOp:translate", "xformOp:orient", "xformOp:scale"]
            }

            def Xform "book_0005" (
                prepend references = @./Meshes/book_0005.usd@
            )
            {
                quatf xformOp:orient = (1, -0, 0, -0)
                float3 xformOp:scale = (1, 1, 1)
                double3 xformOp:translate = (-3.0104772949218934, 6.625704566955951, 0.5813141575987633)
                uniform token[] xformOpOrder = ["xformOp:translate", "xformOp:orient", "xformOp:scale"]
            }

            def Xform "book_0006" (
                prepend references = @./Meshes/book_0006.usd@
            )
            {
                quatf xformOp:orient = (1, -0, 0, -0)
                float3 xformOp:scale = (1, 1, 1)
                double3 xformOp:translate = (-3.0133187294006474, 6.6580669250492, 0.567315564506796)
                uniform token[] xformOpOrder = ["xformOp:translate", "xformOp:orient", "xformOp:scale"]
            }

            def Xform "book_0007" (
                prepend references = @./Meshes/book_0007.usd@
            )
            {
                quatf xformOp:orient = (1, -0, 0, -0)
                float3 xformOp:scale = (1, 1, 1)
                double3 xformOp:translate = (-3.029773078918459, 6.635948867798094, 0.555966467850938)
                uniform token[] xformOpOrder = ["xformOp:translate", "xformOp:orient", "xformOp:scale"]
            }

            def Xform "ornament_0000" (
                prepend references = @./Meshes/ornament_0000.usd@
            )
            {
                quatf xformOp:orient = (1, -0, 0, -0)
                float3 xformOp:scale = (1.4769278, 0.6666049, 0.99750525)
                double3 xformOp:translate = (-2.907090877091441, 6.68580782096592, 1.5078330349579414)
                uniform token[] xformOpOrder = ["xformOp:translate", "xformOp:orient", "xformOp:scale"]

                over "Meshes"
                {
                    over "ornament_0000"
                    {
                        over "mesh_0001"
                        {
                            over "SM_Clutter_0001_Part_0000_361"
                            {
                                quatf xformOp:orient = (1, 0, 0, 0)
                                float3 xformOp:scale = (1, 1, 1)
                                double3 xformOp:translate = (0, 0, 0)
                                uniform token[] xformOpOrder = ["xformOp:translate", "xformOp:orient", "xformOp:scale"]
                            }
                        }
                    }
                }
            }

            def Xform "throw_pillow_0000" (
                prepend references = @./Meshes/throw_pillow_0000.usd@
            )
            {
                quatf xformOp:orient = (1, -0, 0, -0)
                float3 xformOp:scale = (1.0116105, 0.9592587, 0.7893069)
                double3 xformOp:translate = (-4.664953456573251, 5.929886641588562, 0.6807046940435398)
                uniform token[] xformOpOrder = ["xformOp:translate", "xformOp:orient", "xformOp:scale"]
            }

            def Xform "throw_pillow_0001" (
                prepend references = @./Meshes/throw_pillow_0001.usd@
            )
            {
                quatf xformOp:orient = (1, -0, 0, -0)
                float3 xformOp:scale = (1.0116105, 0.9592587, 0.7893069)
                double3 xformOp:translate = (-5.601960209118363, 5.952391959135875, 0.6805051054208726)
                uniform token[] xformOpOrder = ["xformOp:translate", "xformOp:orient", "xformOp:scale"]
            }

            def Xform "chair_0006" (
                prepend references = @./Meshes/chair_0006.usd@
            )
            {
                quatf xformOp:orient = (1.3315805e-7, -0, 0, 1)
                float3 xformOp:scale = (1, 1, 1)
                double3 xformOp:translate = (-3.5037124633789065, 5.896915283203125, 0.5163101509608907)
                uniform token[] xformOpOrder = ["xformOp:translate", "xformOp:orient", "xformOp:scale"]
            }
        }

        def Scope "livingroom_763001"
        {
            def Xform "vase_0001" (
                prepend references = @./Meshes/vase_0001.usd@
            )
            {
                quatf xformOp:orient = (1.3315805e-7, -0, 0, 1)
                float3 xformOp:scale = (1, 1, 1)
                double3 xformOp:translate = (0.6068998535334805, -2.8414486694336, 0.34546686096727913)
                uniform token[] xformOpOrder = ["xformOp:translate", "xformOp:orient", "xformOp:scale"]

                over "Meshes"
                {
                    over "vase_0001"
                    {
                        over "mesh_0000"
                        {
                            over "SM_Clutter_0005_Part_0000_363" (
                                active = false
                            )
                            {
                            }
                        }
                    }
                }
            }

            def Xform "vase_0002" (
                prepend references = @./Meshes/vase_0002.usd@
            )
            {
                quatf xformOp:orient = (1.3315805e-7, -0, 0, 1)
                float3 xformOp:scale = (1, 1, 1)
                double3 xformOp:translate = (2.4238085318575178, -2.849274630443499, 0.5501352061031582)
                uniform token[] xformOpOrder = ["xformOp:translate", "xformOp:orient", "xformOp:scale"]
            }

            def Xform "cabinet_0003" (
                prepend references = @./Meshes/cabinet_0003.usd@
            )
            {
                quatf xformOp:orient = (-1.3315805e-7, -0, 0, -1)
                float3 xformOp:scale = (-1.1349702, 0.87922686, 0.8568381)
                double3 xformOp:translate = (3.4878268432617188, -2.890880126953125, 0.2422223169314452)
                uniform token[] xformOpOrder = ["xformOp:translate", "xformOp:orient", "xformOp:scale"]
            }

            def Xform "cabinet_0005" (
                prepend references = @./Meshes/cabinet_0005.usd@
            )
            {
                quatf xformOp:orient = (1, -0, 0, -0)
                float3 xformOp:scale = (-1.0826, 1, 0.9362)
                double3 xformOp:translate = (5.373242797851563, 1.0088839721679688, 1.100000040941668)
                uniform token[] xformOpOrder = ["xformOp:translate", "xformOp:orient", "xformOp:scale"]
            }

            def Xform "wall_decoration_0001" (
                prepend references = @./Meshes/wall_decoration_0001.usd@
            )
            {
                quatf xformOp:orient = (1, -0, 0, -0)
                float3 xformOp:scale = (0.8466, 0.8466, 0.8466)
                double3 xformOp:translate = (2.877218078589676, 1.1315961441900617, 1.5687784067051234)
                uniform token[] xformOpOrder = ["xformOp:translate", "xformOp:orient", "xformOp:scale"]
            }

            def Xform "wall_light_0001" (
                prepend references = @./Meshes/wall_light_0001.usd@
            )
            {
                quatf xformOp:orient = (-1.3315805e-7, -0, 0, -1)
                float3 xformOp:scale = (-1.1349702, 0.87922686, 0.8568381)
                double3 xformOp:translate = (5.548421020507813, -3.0215438842773437, 1.777066046450844)
                uniform token[] xformOpOrder = ["xformOp:translate", "xformOp:orient", "xformOp:scale"]
            }

            def Xform "wall_light_0002" (
                prepend references = @./Meshes/wall_light_0002.usd@
            )
            {
                quatf xformOp:orient = (-1.3315805e-7, -0, 0, -1)
                float3 xformOp:scale = (-1.1349702, 0.87922686, 0.8568381)
                double3 xformOp:translate = (1.5463317871093751, -3.0252001953125003, 1.7770660216976328)
                uniform token[] xformOpOrder = ["xformOp:translate", "xformOp:orient", "xformOp:scale"]
            }

            def Xform "electric_appliance_0000" (
                prepend references = @./Meshes/electric_appliance_0000.usd@
            )
            {
                quatf xformOp:orient = (-1.3315805e-7, -0, 0, -1)
                float3 xformOp:scale = (-1.1349702, 0.87922686, 0.8568381)
                double3 xformOp:translate = (3.4707021218306875, -2.9007247924804687, 0.47717060353803037)
                uniform token[] xformOpOrder = ["xformOp:translate", "xformOp:orient", "xformOp:scale"]
            }

            def Xform "flower_0000" (
                prepend references = @./Meshes/flower_0000.usd@
            )
            {
                quatf xformOp:orient = (0.97315073, -0, 0, 0.23016874)
                float3 xformOp:scale = (0.94858897, 1.1563281, 0.96884286)
                double3 xformOp:translate = (5.7069902329958175, 0.9463362620782124, 2.357774733573452)
                uniform token[] xformOpOrder = ["xformOp:translate", "xformOp:orient", "xformOp:scale"]
            }

            def Xform "flower_0001" (
                prepend references = @./Meshes/flower_0001.usd@
            )
            {
                quatf xformOp:orient = (0.97315073, -0, 0, 0.23016874)
                float3 xformOp:scale = (0.94858897, 1.1563281, 0.96884286)
                double3 xformOp:translate = (5.470386229089568, 0.9443481181573139, 2.357774733573452)
                uniform token[] xformOpOrder = ["xformOp:translate", "xformOp:orient", "xformOp:scale"]
            }

            def Xform "flower_0002" (
                prepend references = @./Meshes/flower_0002.usd@
            )
            {
                quatf xformOp:orient = (0.97315073, -0, 0, 0.23016874)
                float3 xformOp:scale = (0.94858897, 1.1563281, 0.96884286)
                double3 xformOp:translate = (5.227817259363006, 0.9403714488457905, 2.357774733573452)
                uniform token[] xformOpOrder = ["xformOp:translate", "xformOp:orient", "xformOp:scale"]
            }

            def Xform "flower_0003" (
                prepend references = @./Meshes/flower_0003.usd@
            )
            {
                quatf xformOp:orient = (0.97315073, -0, 0, 0.23016874)
                float3 xformOp:scale = (0.94858897, 1.1563281, 0.96884286)
                double3 xformOp:translate = (4.985465574792691, 0.939104969353603, 2.357774733573452)
                uniform token[] xformOpOrder = ["xformOp:translate", "xformOp:orient", "xformOp:scale"]
            }

            def Xform "television_0001" (
                prepend references = @./Meshes/television_0001.usd@
            )
            {
                quatf xformOp:orient = (1.3315805e-7, -0, 0, 1)
                float3 xformOp:scale = (0.9456524, 0.8197522, 1.00295)
                double3 xformOp:translate = (3.4659381103515625, -3.0774173926547657, 1.0647093198259316)
                uniform token[] xformOpOrder = ["xformOp:translate", "xformOp:orient", "xformOp:scale"]
            }

            def Xform "table_0002" (
                prepend references = @./Meshes/table_0002.usd@
            )
            {
                quatf xformOp:orient = (1, -0, 0, -0)
                float3 xformOp:scale = (1.5284001, 1.5284001, 1.5284001)
                double3 xformOp:translate = (0.34240955352783203, 0.7584723663330079, 0.23807093062860477)
                uniform token[] xformOpOrder = ["xformOp:translate", "xformOp:orient", "xformOp:scale"]

                over "Meshes"
                {
                    over "table_0002"
                    {
                        over "mesh_0000"
                        {
                            over "SM_Clutter_0063_Part_0000_1041" (
                                active = false
                            )
                            {
                            }
                        }
                    }
                }
            }

            def Xform "decorative_box_0000" (
                prepend references = @./Meshes/decorative_box_0000.usd@
            )
            {
                quatf xformOp:orient = (1, -0, 0, -0)
                float3 xformOp:scale = (-1.0826, 1, 0.9362)
                double3 xformOp:translate = (5.728494873046875, 1.0253504180908204, 1.6483285849092293)
                uniform token[] xformOpOrder = ["xformOp:translate", "xformOp:orient", "xformOp:scale"]
            }
        }

        def Scope "bedroom_765353"
        {
            def Xform "vase_0003" (
                prepend references = @./Meshes/vase_0003.usd@
            )
            {
                quatf xformOp:orient = (1.3315805e-7, -0, 0, 1)
                float3 xformOp:scale = (1, 1, 1)
                double3 xformOp:translate = (-2.0869102478027344, -4.565791015625, 0.809754951479475)
                uniform token[] xformOpOrder = ["xformOp:translate", "xformOp:orient", "xformOp:scale"]
            }

            def Xform "cabinet_0002" (
                prepend references = @./Meshes/cabinet_0002.usd@
            )
            {
                quatf xformOp:orient = (0.7071069, -0, 0, -0.7071067)
                float3 xformOp:scale = (1.0354, 1, 1.0417)
                double3 xformOp:translate = (-2.109783935546875, -5.523154296875, 1.2499998329189475)
                uniform token[] xformOpOrder = ["xformOp:translate", "xformOp:orient", "xformOp:scale"]
            }

            def Xform "cabinet_0007" (
                prepend references = @./Meshes/cabinet_0007.usd@
            )
            {
                quatf xformOp:orient = (1.3315805e-7, -0, 0, 1)
                float3 xformOp:scale = (1, 1, 1)
                double3 xformOp:translate = (-3.1235552978515626, -6.4945745849609375, 0.2249990119924485)
                uniform token[] xformOpOrder = ["xformOp:translate", "xformOp:orient", "xformOp:scale"]
            }

            def Xform "curtain_0008" (
                prepend references = @./Meshes/curtain_0008.usd@
            )
            {
                quatf xformOp:orient = (0.70710695, -0, 0, 0.7071066)
                float3 xformOp:scale = (0.84760004, 1, 1)
                double3 xformOp:translate = (-6.061640625, -6.3917822265625, 1.338394409174607)
                uniform token[] xformOpOrder = ["xformOp:translate", "xformOp:orient", "xformOp:scale"]
            }

            def Xform "curtain_0009" (
                prepend references = @./Meshes/curtain_0009.usd@
            )
            {
                quatf xformOp:orient = (0.70710695, -0, 0, 0.7071066)
                float3 xformOp:scale = (0.84760004, 1, 1)
                double3 xformOp:translate = (-6.1444189453125, -6.0436962890625, 1.3262227783152134)
                uniform token[] xformOpOrder = ["xformOp:translate", "xformOp:orient", "xformOp:scale"]
            }

            def Xform "curtain_0010" (
                prepend references = @./Meshes/curtain_0010.usd@
            )
            {
                quatf xformOp:orient = (0.70710695, -0, 0, 0.7071066)
                float3 xformOp:scale = (0.84760004, 1, 1)
                double3 xformOp:translate = (-6.061640625, -3.69895263671875, 1.338392578119892)
                uniform token[] xformOpOrder = ["xformOp:translate", "xformOp:orient", "xformOp:scale"]
            }

            def Xform "curtain_0011" (
                prepend references = @./Meshes/curtain_0011.usd@
            )
            {
                quatf xformOp:orient = (0.70710695, -0, 0, 0.7071066)
                float3 xformOp:scale = (0.84760004, 1, 1)
                double3 xformOp:translate = (-6.1444189453125, -3.84720703125, 1.3262229003855277)
                uniform token[] xformOpOrder = ["xformOp:translate", "xformOp:orient", "xformOp:scale"]
            }

            def Xform "ceiling_light_0002" (
                prepend references = @./Meshes/ceiling_light_0002.usd@
            )
            {
                quatf xformOp:orient = (1, -0, 0, -0)
                float3 xformOp:scale = (1.0097721, 1.084731, 0.9672903)
                double3 xformOp:translate = (-4.189773100346684, -5.032382812703904, 2.504440915668045)
                uniform token[] xformOpOrder = ["xformOp:translate", "xformOp:orient", "xformOp:scale"]
            }

            def Xform "bedding_0003" (
                prepend references = @./Meshes/bedding_0003.usd@
            )
            {
                quatf xformOp:orient = (1.3315805e-7, -0, 0, 1)
                float3 xformOp:scale = (1, 1, 0.8049)
                double3 xformOp:translate = (-4.415003356933594, -4.970931396484375, 0.3777906313622237)
                uniform token[] xformOpOrder = ["xformOp:translate", "xformOp:orient", "xformOp:scale"]
            }

            def Xform "bedding_0004" (
                prepend references = @./Meshes/bedding_0004.usd@
            )
            {
                quatf xformOp:orient = (1.3315805e-7, -0, 0, 1)
                float3 xformOp:scale = (1, 1, 0.8049)
                double3 xformOp:translate = (-4.412095642089844, -5.4537811279296875, 0.25138673739083855)
                uniform token[] xformOpOrder = ["xformOp:translate", "xformOp:orient", "xformOp:scale"]
            }

            def Xform "pillow_0006" (
                prepend references = @./Meshes/pillow_0006.usd@
            )
            {
                quatf xformOp:orient = (1.3315805e-7, -0, 0, 1)
                float3 xformOp:scale = (1, 1, 0.8049)
                double3 xformOp:translate = (-4.8486502075195315, -6.445665283203125, 0.6897005431726814)
                uniform token[] xformOpOrder = ["xformOp:translate", "xformOp:orient", "xformOp:scale"]
            }

            def Xform "pillow_0007" (
                prepend references = @./Meshes/pillow_0007.usd@
            )
            {
                quatf xformOp:orient = (1.3315805e-7, -0, 0, 1)
                float3 xformOp:scale = (1, 1, 0.8049)
                double3 xformOp:translate = (-3.9861627197265626, -6.418209838867187, 0.7096548367215304)
                uniform token[] xformOpOrder = ["xformOp:translate", "xformOp:orient", "xformOp:scale"]
            }

            def Xform "bed_0002" (
                prepend references = @./Meshes/bed_0002.usd@
            )
            {
                quatf xformOp:orient = (1.3315805e-7, -0, 0, 1)
                float3 xformOp:scale = (1, 1, 0.8049)
                double3 xformOp:translate = (-4.388252868652343, -5.53320068359375, 0.4973900019379403)
                uniform token[] xformOpOrder = ["xformOp:translate", "xformOp:orient", "xformOp:scale"]
            }

            def Xform "picture_frame_0025" (
                prepend references = @./Meshes/picture_frame_0025.usd@
            )
            {
                quatf xformOp:orient = (0.38268343, -0, 0, -0.9238795)
                float3 xformOp:scale = (0.9999904, 0.9999904, 1)
                double3 xformOp:translate = (-2.0326446533203124, -4.52815185546875, 1.4652004928310127)
                uniform token[] xformOpOrder = ["xformOp:translate", "xformOp:orient", "xformOp:scale"]
            }

            def Xform "picture_frame_0026" (
                prepend references = @./Meshes/picture_frame_0026.usd@
            )
            {
                quatf xformOp:orient = (0.38268343, -0, 0, -0.9238795)
                float3 xformOp:scale = (0.9999904, 0.9999904, 1)
                double3 xformOp:translate = (-2.0863291931152346, -4.633306579589844, 1.4918001098238682)
                uniform token[] xformOpOrder = ["xformOp:translate", "xformOp:orient", "xformOp:scale"]
            }

            def Xform "wall_decoration_0000" (
                prepend references = @./Meshes/wall_decoration_0000.usd@
            )
            {
                quatf xformOp:orient = (6.123234e-17, -0, 0, -1)
                float3 xformOp:scale = (0.8468001, 0.8468001, 0.8468001)
                double3 xformOp:translate = (-4.3320166015625, -6.63013671875, 1.5387389095674326)
                uniform token[] xformOpOrder = ["xformOp:translate", "xformOp:orient", "xformOp:scale"]
            }

            def Xform "table_lamp_0000" (
                prepend references = @./Meshes/table_lamp_0000.usd@
            )
            {
                quatf xformOp:orient = (1.3315805e-7, -0, 0, 1)
                float3 xformOp:scale = (1, 1, 1)
                double3 xformOp:translate = (-3.1299407958984378, -6.508634643554688, 0.7757802811532628)
                uniform token[] xformOpOrder = ["xformOp:translate", "xformOp:orient", "xformOp:scale"]
            }
        }

        def Scope "bedroom_778247"
        {
            def Xform "vase_0004" (
                prepend references = @./Meshes/vase_0004.usd@
            )
            {
                quatf xformOp:orient = (0.9476407, -0, 0, -0.31933856)
                float3 xformOp:scale = (2.2645688, 2.2645688, 2.2646)
                double3 xformOp:translate = (5.395204475329457, -3.5655281535477785, 0.5702113111902023)
                uniform token[] xformOpOrder = ["xformOp:translate", "xformOp:orient", "xformOp:scale"]
            }

            def Xform "vase_0009" (
                prepend references = @./Meshes/vase_0009.usd@
            )
            {
                quatf xformOp:orient = (1.3315805e-7, -0, 0, 1)
                float3 xformOp:scale = (1, 1, 1)
                double3 xformOp:translate = (4.784040832519532, -6.4769873046875, 0.8759069290162534)
                uniform token[] xformOpOrder = ["xformOp:translate", "xformOp:orient", "xformOp:scale"]
            }

            def Xform "curtain_0004" (
                prepend references = @./Meshes/curtain_0004.usd@
            )
            {
                quatf xformOp:orient = (0.7071069, -0, 0, -0.7071067)
                float3 xformOp:scale = (0.8376, 1, 1)
                double3 xformOp:translate = (5.7291894531250005, -3.68890380859375, 1.3383944091746072)
                uniform token[] xformOpOrder = ["xformOp:translate", "xformOp:orient", "xformOp:scale"]
            }

            def Xform "curtain_0005" (
                prepend references = @./Meshes/curtain_0005.usd@
            )
            {
                quatf xformOp:orient = (0.7071069, -0, 0, -0.7071067)
                float3 xformOp:scale = (0.8376, 1, 1)
                double3 xformOp:translate = (5.8719677734375, -4.03288330078125, 1.3262227783152136)
                uniform token[] xformOpOrder = ["xformOp:translate", "xformOp:orient", "xformOp:scale"]
            }

            def Xform "curtain_0006" (
                prepend references = @./Meshes/curtain_0006.usd@
            )
            {
                quatf xformOp:orient = (0.7071069, -0, 0, -0.7071067)
                float3 xformOp:scale = (0.8376, 1, 1)
                double3 xformOp:translate = (5.7691894531250005, -6.349960937500001, 1.3383925781198922)
                uniform token[] xformOpOrder = ["xformOp:translate", "xformOp:orient", "xformOp:scale"]
            }

            def Xform "curtain_0007" (
                prepend references = @./Meshes/curtain_0007.usd@
            )
            {
                quatf xformOp:orient = (0.7071069, -0, 0, -0.7071067)
                float3 xformOp:scale = (0.8376, 1, 1)
                double3 xformOp:translate = (5.8519677734375, -6.20345703125, 1.326222900385528)
                uniform token[] xformOpOrder = ["xformOp:translate", "xformOp:orient", "xformOp:scale"]
            }

            def Xform "ceiling_light_0001" (
                prepend references = @./Meshes/ceiling_light_0001.usd@
            )
            {
                quatf xformOp:orient = (1, -0, 0, -0)
                float3 xformOp:scale = (1, 1, 0.9561)
                double3 xformOp:translate = (3.855772033755443, -5.032385040275378, 2.440291099467061)
                uniform token[] xformOpOrder = ["xformOp:translate", "xformOp:orient", "xformOp:scale"]
            }

            def Xform "bedding_0000" (
                prepend references = @./Meshes/bedding_0000.usd@
            )
            {
                quatf xformOp:orient = (6.123234e-17, -0, 0, -1)
                float3 xformOp:scale = (1, 1, 1)
                double3 xformOp:translate = (3.58238037109375, -5.175302734375, 0.39007100384112636)
                uniform token[] xformOpOrder = ["xformOp:translate", "xformOp:orient", "xformOp:scale"]
            }

            def Xform "bedding_0001" (
                prepend references = @./Meshes/bedding_0001.usd@
            )
            {
                quatf xformOp:orient = (6.123234e-17, -0, 0, -1)
                float3 xformOp:scale = (1, 1, 1)
                double3 xformOp:translate = (3.5439453125, -5.125869140625, 0.3660292819696121)
                uniform token[] xformOpOrder = ["xformOp:translate", "xformOp:orient", "xformOp:scale"]
            }

            def Xform "pillow_0000" (
                prepend references = @./Meshes/pillow_0000.usd@
            )
            {
                quatf xformOp:orient = (6.123234e-17, -0, 0, -1)
                float3 xformOp:scale = (1, 1, 1)
                double3 xformOp:translate = (3.1475732421875002, -6.0718408203125005, 0.7737157745048545)
                uniform token[] xformOpOrder = ["xformOp:translate", "xformOp:orient", "xformOp:scale"]
            }

            def Xform "pillow_0001" (
                prepend references = @./Meshes/pillow_0001.usd@
            )
            {
                quatf xformOp:orient = (6.123234e-17, -0, 0, -1)
                float3 xformOp:scale = (1, 1, 1)
                double3 xformOp:translate = (4.0494189453125005, -6.05396484375, 0.767032333361716)
                uniform token[] xformOpOrder = ["xformOp:translate", "xformOp:orient", "xformOp:scale"]
            }

            def Xform "pillow_0002" (
                prepend references = @./Meshes/pillow_0002.usd@
            )
            {
                quatf xformOp:orient = (6.123234e-17, -0, 0, -1)
                float3 xformOp:scale = (1, 1, 1)
                double3 xformOp:translate = (4.03347900390625, -6.353908081054688, 0.7710028839027064)
                uniform token[] xformOpOrder = ["xformOp:translate", "xformOp:orient", "xformOp:scale"]
            }

            def Xform "pillow_0003" (
                prepend references = @./Meshes/pillow_0003.usd@
            )
            {
                quatf xformOp:orient = (6.123234e-17, -0, 0, -1)
                float3 xformOp:scale = (1, 1, 1)
                double3 xformOp:translate = (3.1191583251953126, -6.386845703125, 0.7368780216045923)
                uniform token[] xformOpOrder = ["xformOp:translate", "xformOp:orient", "xformOp:scale"]
            }

            def Xform "bed_0000" (
                prepend references = @./Meshes/bed_0000.usd@
            )
            {
                quatf xformOp:orient = (6.123234e-17, -0, 0, -1)
                float3 xformOp:scale = (1, 1, 1)
                double3 xformOp:translate = (3.57864990234375, -5.5869287109375, 0.5848784185714476)
                uniform token[] xformOpOrder = ["xformOp:translate", "xformOp:orient", "xformOp:scale"]
            }

            def Xform "picture_frame_0027" (
                prepend references = @./Meshes/picture_frame_0027.usd@
            )
            {
                quatf xformOp:orient = (1.3315805e-7, -0, 0, 1)
                float3 xformOp:scale = (1, 1, 1)
                double3 xformOp:translate = (5.047386779785156, -6.454251098632812, 0.8472866325359847)
                uniform token[] xformOpOrder = ["xformOp:translate", "xformOp:orient", "xformOp:scale"]
            }

            def Xform "picture_frame_0028" (
                prepend references = @./Meshes/picture_frame_0028.usd@
            )
            {
                quatf xformOp:orient = (1.3315805e-7, -0, 0, 1)
                float3 xformOp:scale = (1, 1, 1)
                double3 xformOp:translate = (5.0743560791015625, -6.553846435546875, 0.8690004463164489)
                uniform token[] xformOpOrder = ["xformOp:translate", "xformOp:orient", "xformOp:scale"]
            }

            def Xform "mirror_0002" (
                prepend references = @./Meshes/mirror_0002.usd@
            )
            {
                quatf xformOp:orient = (1.3315805e-7, -0, 0, 1)
                float3 xformOp:scale = (1, 1, 1)
                double3 xformOp:translate = (5.198803100585938, -6.6888916015625, 1.3382762603782945)
                uniform token[] xformOpOrder = ["xformOp:translate", "xformOp:orient", "xformOp:scale"]
            }

            def Xform "television_0002" (
                prepend references = @./Meshes/television_0002.usd@
            )
            {
                quatf xformOp:orient = (1, -0, 0, -0)
                float3 xformOp:scale = (0.9456524, 0.8197522, 1.00295)
                double3 xformOp:translate = (3.5755255126953127, -3.3467502697509985, 1.0647093200683597)
                uniform token[] xformOpOrder = ["xformOp:translate", "xformOp:orient", "xformOp:scale"]
            }

            def Xform "table_0001" (
                prepend references = @./Meshes/table_0001.usd@
            )
            {
                quatf xformOp:orient = (1.3315805e-7, -0, 0, 1)
                float3 xformOp:scale = (1, 1, 1)
                double3 xformOp:translate = (5.161493530273438, -6.469700317382813, 0.3929984741210809)
                uniform token[] xformOpOrder = ["xformOp:translate", "xformOp:orient", "xformOp:scale"]
            }

            def Xform "chair_0007" (
                prepend references = @./Meshes/chair_0007.usd@
            )
            {
                quatf xformOp:orient = (1.3315805e-7, 0, 0, 1)
                float3 xformOp:scale = (1, 1, 1)
                double3 xformOp:translate = (5.232515869140638, -5.958754272460937, 0.3318007372628313)
                uniform token[] xformOpOrder = ["xformOp:translate", "xformOp:orient", "xformOp:scale"]
            }

            def Xform "decorative_box_0001" (
                prepend references = @./Meshes/decorative_box_0001.usd@
            )
            {
                quatf xformOp:orient = (1.3315805e-7, -0, 0, 1)
                float3 xformOp:scale = (1, 1, 1)
                double3 xformOp:translate = (5.284805908203125, -6.553740234375, 0.8248991565696916)
                uniform token[] xformOpOrder = ["xformOp:translate", "xformOp:orient", "xformOp:scale"]
            }

            def Xform "decorative_box_0002" (
                prepend references = @./Meshes/decorative_box_0002.usd@
            )
            {
                quatf xformOp:orient = (1.3315805e-7, -0, 0, 1)
                float3 xformOp:scale = (1, 1, 1)
                double3 xformOp:translate = (5.4401416015625, -6.55370361328125, 0.8248790645589212)
                uniform token[] xformOpOrder = ["xformOp:translate", "xformOp:orient", "xformOp:scale"]
            }
        }

        def Scope "unknown_783683"
        {
            def Xform "vase_0006" (
                prepend references = @./Meshes/vase_0006.usd@
            )
            {
                quatf xformOp:orient = (0.7071068, -0, 0, -0.7071067)
                float3 xformOp:scale = (1, 1, 1)
                double3 xformOp:translate = (-0.2597430992126465, 4.055137329101562, 1.079413536073367)
                uniform token[] xformOpOrder = ["xformOp:translate", "xformOp:orient", "xformOp:scale"]
            }

            def Xform "vase_0007" (
                prepend references = @./Meshes/vase_0007.usd@
            )
            {
                quatf xformOp:orient = (0.7071068, -0, 0, -0.7071067)
                float3 xformOp:scale = (1, 1, 1)
                double3 xformOp:translate = (-0.26281387329101563, 3.904935302734375, 1.0615844841022986)
                uniform token[] xformOpOrder = ["xformOp:translate", "xformOp:orient", "xformOp:scale"]
            }

            def Xform "vase_0008" (
                prepend references = @./Meshes/vase_0008.usd@
            )
            {
                quatf xformOp:orient = (0.7071068, -0, 0, -0.7071067)
                float3 xformOp:scale = (1, 1, 1)
                double3 xformOp:translate = (-0.26167877197265627, 4.205932006835938, 1.0859029808078993)
                uniform token[] xformOpOrder = ["xformOp:translate", "xformOp:orient", "xformOp:scale"]
            }

            def Xform "cabinet_0008" (
                prepend references = @./Meshes/cabinet_0008.usd@
            )
            {
                quatf xformOp:orient = (0.7071068, -0, 0, -0.7071067)
                float3 xformOp:scale = (1.1178, 0.88600004, 0.9195)
                double3 xformOp:translate = (-0.26901268005371093, 4.7800439453125, 1.200000052028554)
                uniform token[] xformOpOrder = ["xformOp:translate", "xformOp:orient", "xformOp:scale"]
            }

            def Xform "picture_frame_0000" (
                prepend references = @./Meshes/picture_frame_0000.usd@
            )
            {
                quatf xformOp:orient = (0.70710695, -0, 0, 0.7071066)
                float3 xformOp:scale = (0.7533001, 0.7533001, 0.7533001)
                double3 xformOp:translate = (-1.68666015625, 1.053292236328125, 1.6543811035156255)
                uniform token[] xformOpOrder = ["xformOp:translate", "xformOp:orient", "xformOp:scale"]
            }

            def Xform "picture_frame_0001" (
                prepend references = @./Meshes/picture_frame_0001.usd@
            )
            {
                quatf xformOp:orient = (0.70710695, -0, 0, 0.7071066)
                float3 xformOp:scale = (0.7533001, 0.7533001, 0.7533001)
                double3 xformOp:translate = (-1.68666015625, 1.22068359375, 1.6543811035156255)
                uniform token[] xformOpOrder = ["xformOp:translate", "xformOp:orient", "xformOp:scale"]
            }

            def Xform "picture_frame_0002" (
                prepend references = @./Meshes/picture_frame_0002.usd@
            )
            {
                quatf xformOp:orient = (0.70710695, -0, 0, 0.7071066)
                float3 xformOp:scale = (0.7533001, 0.7533001, 0.7533001)
                double3 xformOp:translate = (-1.68666015625, 0.9010491943359376, 1.4668359375)
                uniform token[] xformOpOrder = ["xformOp:translate", "xformOp:orient", "xformOp:scale"]
            }

            def Xform "picture_frame_0003" (
                prepend references = @./Meshes/picture_frame_0003.usd@
            )
            {
                quatf xformOp:orient = (0.70710695, -0, 0, 0.7071066)
                float3 xformOp:scale = (0.7533001, 0.7533001, 0.7533001)
                double3 xformOp:translate = (-1.68666015625, 1.0603955078125, 1.4647424316406252)
                uniform token[] xformOpOrder = ["xformOp:translate", "xformOp:orient", "xformOp:scale"]
            }

            def Xform "picture_frame_0004" (
                prepend references = @./Meshes/picture_frame_0004.usd@
            )
            {
                quatf xformOp:orient = (0.70710695, -0, 0, 0.7071066)
                float3 xformOp:scale = (0.7533001, 0.7533001, 0.7533001)
                double3 xformOp:translate = (-1.68666015625, 1.22068359375, 1.4668359375)
                uniform token[] xformOpOrder = ["xformOp:translate", "xformOp:orient", "xformOp:scale"]
            }

            def Xform "picture_frame_0005" (
                prepend references = @./Meshes/picture_frame_0005.usd@
            )
            {
                quatf xformOp:orient = (0.70710695, -0, 0, 0.7071066)
                float3 xformOp:scale = (0.7533001, 0.7533001, 0.7533001)
                double3 xformOp:translate = (-1.68666015625, 0.9273321533203125, 1.2271679687500001)
                uniform token[] xformOpOrder = ["xformOp:translate", "xformOp:orient", "xformOp:scale"]
            }

            def Xform "picture_frame_0006" (
                prepend references = @./Meshes/picture_frame_0006.usd@
            )
            {
                quatf xformOp:orient = (0.70710695, -0, 0, 0.7071066)
                float3 xformOp:scale = (0.7533001, 0.7533001, 0.7533001)
                double3 xformOp:translate = (-1.686436767578125, 0.9804870605468751, 1.02021364773079)
                uniform token[] xformOpOrder = ["xformOp:translate", "xformOp:orient", "xformOp:scale"]
            }

            def Xform "picture_frame_0007" (
                prepend references = @./Meshes/picture_frame_0007.usd@
            )
            {
                quatf xformOp:orient = (0.70710695, -0, 0, 0.7071066)
                float3 xformOp:scale = (0.7533001, 0.7533001, 0.7533001)
                double3 xformOp:translate = (-1.68666015625, 1.185408935546875, 1.2271679687500001)
                uniform token[] xformOpOrder = ["xformOp:translate", "xformOp:orient", "xformOp:scale"]
            }

            def Xform "picture_frame_0008" (
                prepend references = @./Meshes/picture_frame_0008.usd@
            )
            {
                quatf xformOp:orient = (0.70710695, -0, 0, 0.7071066)
                float3 xformOp:scale = (0.7533001, 0.7533001, 0.7533001)
                double3 xformOp:translate = (-1.68666015625, 1.16883544921875, 0.9422076473487859)
                uniform token[] xformOpOrder = ["xformOp:translate", "xformOp:orient", "xformOp:scale"]
            }

            def Xform "picture_frame_0009" (
                prepend references = @./Meshes/picture_frame_0009.usd@
            )
            {
                quatf xformOp:orient = (0.70710695, -0, 0, 0.7071066)
                float3 xformOp:scale = (0.7533001, 0.7533001, 0.7533001)
                double3 xformOp:translate = (-1.6864208984375, 1.289351806640625, 0.7241573735189172)
                uniform token[] xformOpOrder = ["xformOp:translate", "xformOp:orient", "xformOp:scale"]
            }

            def Xform "picture_frame_0010" (
                prepend references = @./Meshes/picture_frame_0010.usd@
            )
            {
                quatf xformOp:orient = (0.70710695, -0, 0, 0.7071066)
                float3 xformOp:scale = (0.7533001, 0.7533001, 0.7533001)
                double3 xformOp:translate = (-1.68666015625, 1.45071044921875, 0.7001873779296874)
                uniform token[] xformOpOrder = ["xformOp:translate", "xformOp:orient", "xformOp:scale"]
            }

            def Xform "picture_frame_0011" (
                prepend references = @./Meshes/picture_frame_0011.usd@
            )
            {
                quatf xformOp:orient = (0.70710695, -0, 0, 0.7071066)
                float3 xformOp:scale = (0.7533001, 0.7533001, 0.7533001)
                double3 xformOp:translate = (-1.686436767578125, 1.61265869140625, 0.7241571377969372)
                uniform token[] xformOpOrder = ["xformOp:translate", "xformOp:orient", "xformOp:scale"]
            }

            def Xform "picture_frame_0012" (
                prepend references = @./Meshes/picture_frame_0012.usd@
            )
            {
                quatf xformOp:orient = (0.70710695, -0, 0, 0.7071066)
                float3 xformOp:scale = (0.7533001, 0.7533001, 0.7533001)
                double3 xformOp:translate = (-1.68666015625, 1.440999755859375, 0.9422076416015628)
                uniform token[] xformOpOrder = ["xformOp:translate", "xformOp:orient", "xformOp:scale"]
            }

            def Xform "picture_frame_0013" (
                prepend references = @./Meshes/picture_frame_0013.usd@
            )
            {
                quatf xformOp:orient = (0.70710695, -0, 0, 0.7071066)
                float3 xformOp:scale = (0.7533001, 0.7533001, 0.7533001)
                double3 xformOp:translate = (-1.68664306640625, 1.7065380859375001, 0.9422076416015628)
                uniform token[] xformOpOrder = ["xformOp:translate", "xformOp:orient", "xformOp:scale"]
            }

            def Xform "picture_frame_0014" (
                prepend references = @./Meshes/picture_frame_0014.usd@
            )
            {
                quatf xformOp:orient = (0.70710695, -0, 0, 0.7071066)
                float3 xformOp:scale = (0.7533001, 0.7533001, 0.7533001)
                double3 xformOp:translate = (-1.686436767578125, 1.898787841796875, 1.02021364773079)
                uniform token[] xformOpOrder = ["xformOp:translate", "xformOp:orient", "xformOp:scale"]
            }

            def Xform "picture_frame_0015" (
                prepend references = @./Meshes/picture_frame_0015.usd@
            )
            {
                quatf xformOp:orient = (0.70710695, -0, 0, 0.7071066)
                float3 xformOp:scale = (0.7533001, 0.7533001, 0.7533001)
                double3 xformOp:translate = (-1.686668701171875, 1.3800305175781251, 1.1591600298110893)
                uniform token[] xformOpOrder = ["xformOp:translate", "xformOp:orient", "xformOp:scale"]
            }

            def Xform "picture_frame_0016" (
                prepend references = @./Meshes/picture_frame_0016.usd@
            )
            {
                quatf xformOp:orient = (0.70710695, -0, 0, 0.7071066)
                float3 xformOp:scale = (0.7533001, 0.7533001, 0.7533001)
                double3 xformOp:translate = (-1.686666259765625, 1.5197204589843751, 1.15916015625)
                uniform token[] xformOpOrder = ["xformOp:translate", "xformOp:orient", "xformOp:scale"]
            }

            def Xform "picture_frame_0017" (
                prepend references = @./Meshes/picture_frame_0017.usd@
            )
            {
                quatf xformOp:orient = (0.70710695, -0, 0, 0.7071066)
                float3 xformOp:scale = (0.7533001, 0.7533001, 0.7533001)
                double3 xformOp:translate = (-1.689434814453125, 1.456148681640625, 1.479158935546875)
                uniform token[] xformOpOrder = ["xformOp:translate", "xformOp:orient", "xformOp:scale"]
            }

            def Xform "picture_frame_0018" (
                prepend references = @./Meshes/picture_frame_0018.usd@
            )
            {
                quatf xformOp:orient = (0.70710695, -0, 0, 0.7071066)
                float3 xformOp:scale = (0.7533001, 0.7533001, 0.7533001)
                double3 xformOp:translate = (-1.68666015625, 1.72358154296875, 1.2271679687500001)
                uniform token[] xformOpOrder = ["xformOp:translate", "xformOp:orient", "xformOp:scale"]
            }

            def Xform "picture_frame_0019" (
                prepend references = @./Meshes/picture_frame_0019.usd@
            )
            {
                quatf xformOp:orient = (0.70710695, -0, 0, 0.7071066)
                float3 xformOp:scale = (0.7533001, 0.7533001, 0.7533001)
                double3 xformOp:translate = (-1.6866613769531251, 1.98165771484375, 1.2271679974861163)
                uniform token[] xformOpOrder = ["xformOp:translate", "xformOp:orient", "xformOp:scale"]
            }

            def Xform "picture_frame_0020" (
                prepend references = @./Meshes/picture_frame_0020.usd@
            )
            {
                quatf xformOp:orient = (0.70710695, -0, 0, 0.7071066)
                float3 xformOp:scale = (0.7533001, 0.7533001, 0.7533001)
                double3 xformOp:translate = (-1.68666015625, 1.692567138671875, 1.4668359375)
                uniform token[] xformOpOrder = ["xformOp:translate", "xformOp:orient", "xformOp:scale"]
            }

            def Xform "picture_frame_0021" (
                prepend references = @./Meshes/picture_frame_0021.usd@
            )
            {
                quatf xformOp:orient = (0.70710695, -0, 0, 0.7071066)
                float3 xformOp:scale = (0.7533001, 0.7533001, 0.7533001)
                double3 xformOp:translate = (-1.68666015625, 1.85261962890625, 1.4647424316406252)
                uniform token[] xformOpOrder = ["xformOp:translate", "xformOp:orient", "xformOp:scale"]
            }

            def Xform "picture_frame_0022" (
                prepend references = @./Meshes/picture_frame_0022.usd@
            )
            {
                quatf xformOp:orient = (0.70710695, -0, 0, 0.7071066)
                float3 xformOp:scale = (0.7533001, 0.7533001, 0.7533001)
                double3 xformOp:translate = (-1.68666015625, 2.0119677734375, 1.4668359375)
                uniform token[] xformOpOrder = ["xformOp:translate", "xformOp:orient", "xformOp:scale"]
            }

            def Xform "picture_frame_0023" (
                prepend references = @./Meshes/picture_frame_0023.usd@
            )
            {
                quatf xformOp:orient = (0.70710695, -0, 0, 0.7071066)
                float3 xformOp:scale = (0.7533001, 0.7533001, 0.7533001)
                double3 xformOp:translate = (-1.68666015625, 1.692567138671875, 1.6543811035156255)
                uniform token[] xformOpOrder = ["xformOp:translate", "xformOp:orient", "xformOp:scale"]
            }

            def Xform "picture_frame_0024" (
                prepend references = @./Meshes/picture_frame_0024.usd@
            )
            {
                quatf xformOp:orient = (0.70710695, -0, 0, 0.7071066)
                float3 xformOp:scale = (0.7533001, 0.7533001, 0.7533001)
                double3 xformOp:translate = (-1.68666015625, 1.85984130859375, 1.6543811035156255)
                uniform token[] xformOpOrder = ["xformOp:translate", "xformOp:orient", "xformOp:scale"]
            }

            def Xform "cosmetic_0000" (
                prepend references = @./Meshes/cosmetic_0000.usd@
            )
            {
                quatf xformOp:orient = (0.7071069, -0, 0, -0.7071067)
                float3 xformOp:scale = (1, 1, 1)
                double3 xformOp:translate = (-0.183848876953125, 4.5842431640625, 1.1736011123677972)
                uniform token[] xformOpOrder = ["xformOp:translate", "xformOp:orient", "xformOp:scale"]
            }

            def Xform "mirror_0000" (
                prepend references = @./Meshes/mirror_0000.usd@
            )
            {
                quatf xformOp:orient = (0.7071069, -0, 0, -0.7071067)
                float3 xformOp:scale = (0.785, 1.0411, 1.48)
                double3 xformOp:translate = (-0.11397659301757812, 5.6001171875, 1.184281005859375)
                uniform token[] xformOpOrder = ["xformOp:translate", "xformOp:orient", "xformOp:scale"]
            }

            def Xform "daily_equipment_0008" (
                prepend references = @./Meshes/daily_equipment_0008.usd@
            )
            {
                quatf xformOp:orient = (0.7071068, -0, 0, -0.7071067)
                float3 xformOp:scale = (1, 1, 1)
                double3 xformOp:translate = (-0.2974624252319336, 4.9323733520507815, 1.0259179082492433)
                uniform token[] xformOpOrder = ["xformOp:translate", "xformOp:orient", "xformOp:scale"]
            }

            def Xform "daily_equipment_0009" (
                prepend references = @./Meshes/daily_equipment_0009.usd@
            )
            {
                quatf xformOp:orient = (0.7071068, -0, 0, -0.7071067)
                float3 xformOp:scale = (1, 1, 1)
                double3 xformOp:translate = (-0.2276651954650879, 4.890393371582031, 1.0161397129293899)
                uniform token[] xformOpOrder = ["xformOp:translate", "xformOp:orient", "xformOp:scale"]
            }

            def Xform "stool_0000" (
                prepend references = @./Meshes/stool_0000.usd@
            )
            {
                quatf xformOp:orient = (0.7071068, -0, 0, -0.7071067)
                float3 xformOp:scale = (1, 1, 1)
                double3 xformOp:translate = (-0.31033063888549806, 2.885151062011719, 0.227241287237876)
                uniform token[] xformOpOrder = ["xformOp:translate", "xformOp:orient", "xformOp:scale"]
            }

            def Xform "tooling_0000" (
                prepend references = @./Meshes/tooling_0000.usd@
            )
            {
                quatf xformOp:orient = (0.7071068, -0, 0, -0.7071067)
                float3 xformOp:scale = (1, 1, 1)
                double3 xformOp:translate = (-0.2594401741027832, 4.983228759765625, 1.0196331214965317)
                uniform token[] xformOpOrder = ["xformOp:translate", "xformOp:orient", "xformOp:scale"]
            }
        }

        def Scope "diningroom_785051"
        {
            def Xform "cabinet_0006" (
                prepend references = @./Meshes/cabinet_0006.usd@
            )
            {
                quatf xformOp:orient = (1.3315805e-7, -0, 0, 1)
                float3 xformOp:scale = (1.194, 1, 1)
                double3 xformOp:translate = (-3.9312814331054686, -2.9946612548828124, 1.2768318784722212)
                uniform token[] xformOpOrder = ["xformOp:translate", "xformOp:orient", "xformOp:scale"]
            }

            def Xform "curtain_0013" (
                prepend references = @./Meshes/curtain_0013.usd@
            )
            {
                quatf xformOp:orient = (0.70710677, -0, 0, 0.70710677)
                float3 xformOp:scale = (-0.9143661, 1.0142034, 0.87809217)
                double3 xformOp:translate = (-6.104826401113257, -0.6125537677487551, 1.3000068353011005)
                uniform token[] xformOpOrder = ["xformOp:translate", "xformOp:orient", "xformOp:scale"]
            }

            def Xform "curtain_0014" (
                prepend references = @./Meshes/curtain_0014.usd@
            )
            {
                quatf xformOp:orient = (0.70710677, -0, 0, 0.70710677)
                float3 xformOp:scale = (1.0229851, 0.83387804, 0.87809217)
                double3 xformOp:translate = (-6.078572387695313, -2.6240679931640627, 1.2998864434553976)
                uniform token[] xformOpOrder = ["xformOp:translate", "xformOp:orient", "xformOp:scale"]
            }

            def Xform "painting_0005" (
                prepend references = @./Meshes/painting_0005.usd@
            )
            {
                quatf xformOp:orient = (1.3315805e-7, -0, 0, 1)
                float3 xformOp:scale = (1.194, 1, 1)
                double3 xformOp:translate = (-3.93500732421875, -3.1217156982421876, 1.7173019409179693)
                uniform token[] xformOpOrder = ["xformOp:translate", "xformOp:orient", "xformOp:scale"]
            }

            def Xform "chandelier_0014" (
                prepend references = @./Meshes/chandelier_0014.usd@
            )
            {
                quatf xformOp:orient = (1, -0, 0, -0)
                float3 xformOp:scale = (0.5, 0.5, 0.5)
                double3 xformOp:translate = (-4.064779655597615, -1.6834913856221527, 2.270666056312738)
                uniform token[] xformOpOrder = ["xformOp:translate", "xformOp:orient", "xformOp:scale"]
            }

            def Xform "chandelier_0015" (
                prepend references = @./Meshes/chandelier_0015.usd@
            )
            {
                quatf xformOp:orient = (1, -0, 0, -0)
                float3 xformOp:scale = (0.5, 0.5, 0.5)
                double3 xformOp:translate = (-4.204607318959306, -1.2732105938768603, 2.114722317176632)
                uniform token[] xformOpOrder = ["xformOp:translate", "xformOp:orient", "xformOp:scale"]
            }

            def Xform "chandelier_0016" (
                prepend references = @./Meshes/chandelier_0016.usd@
            )
            {
                quatf xformOp:orient = (1, -0, 0, -0)
                float3 xformOp:scale = (0.5, 0.5, 0.5)
                double3 xformOp:translate = (-3.9019559021800503, -1.2978183284862712, 1.992550852217538)
                uniform token[] xformOpOrder = ["xformOp:translate", "xformOp:orient", "xformOp:scale"]
            }

            def Xform "chandelier_0017" (
                prepend references = @./Meshes/chandelier_0017.usd@
            )
            {
                quatf xformOp:orient = (1, -0, 0, -0)
                float3 xformOp:scale = (0.5, 0.5, 0.5)
                double3 xformOp:translate = (-3.7259888611818113, -1.579307803626106, 2.165832743110771)
                uniform token[] xformOpOrder = ["xformOp:translate", "xformOp:orient", "xformOp:scale"]
            }

            def Xform "ornament_0035" (
                prepend references = @./Meshes/ornament_0035.usd@
            )
            {
                quatf xformOp:orient = (1.3315805e-7, -0, 0, 1)
                float3 xformOp:scale = (1.194, 1, 1)
                double3 xformOp:translate = (-4.805388793945313, -3.0155154418945314, 0.8302789764462523)
                uniform token[] xformOpOrder = ["xformOp:translate", "xformOp:orient", "xformOp:scale"]
            }

            def Xform "ornament_0037" (
                prepend references = @./Meshes/ornament_0037.usd@
            )
            {
                quatf xformOp:orient = (1.3315805e-7, -0, 0, 1)
                float3 xformOp:scale = (1.194, 1, 1)
                double3 xformOp:translate = (-4.677603759765625, -3.070570068359375, 1.9184359664963782)
                uniform token[] xformOpOrder = ["xformOp:translate", "xformOp:orient", "xformOp:scale"]
            }

            def Xform "ornament_0038" (
                prepend references = @./Meshes/ornament_0038.usd@
            )
            {
                quatf xformOp:orient = (1.3315805e-7, -0, 0, 1)
                float3 xformOp:scale = (1.194, 1, 1)
                double3 xformOp:translate = (-4.86599609375, -3.0677197265625002, 2.0060867156992437)
                uniform token[] xformOpOrder = ["xformOp:translate", "xformOp:orient", "xformOp:scale"]
            }

            def Xform "ornament_0039" (
                prepend references = @./Meshes/ornament_0039.usd@
            )
            {
                quatf xformOp:orient = (1.3315805e-7, -0, 0, 1)
                float3 xformOp:scale = (1.194, 1, 1)
                double3 xformOp:translate = (-2.390588836669922, -3.0376852416992186, 1.491223240375067)
                uniform token[] xformOpOrder = ["xformOp:translate", "xformOp:orient", "xformOp:scale"]
            }

            def Xform "ornament_0042" (
                prepend references = @./Meshes/ornament_0042.usd@
            )
            {
                quatf xformOp:orient = (1.3315805e-7, -0, 0, 1)
                float3 xformOp:scale = (1.194, 1, 1)
                double3 xformOp:translate = (-4.786275024414063, -3.059020690917969, 1.3756449203520575)
                uniform token[] xformOpOrder = ["xformOp:translate", "xformOp:orient", "xformOp:scale"]
            }

            def Xform "ornament_0044" (
                prepend references = @./Meshes/ornament_0044.usd@
            )
            {
                quatf xformOp:orient = (1.3315805e-7, -0, 0, 1)
                float3 xformOp:scale = (1.194, 1, 1)
                double3 xformOp:translate = (-3.931632385253906, -2.95929443359375, 0.9032703630656881)
                uniform token[] xformOpOrder = ["xformOp:translate", "xformOp:orient", "xformOp:scale"]
            }

            def Xform "ornament_0045" (
                prepend references = @./Meshes/ornament_0045.usd@
            )
            {
                quatf xformOp:orient = (1.3315805e-7, -0, 0, 1)
                float3 xformOp:scale = (1.194, 1, 1)
                double3 xformOp:translate = (-5.492020874023438, -3.0386080932617188, 1.485051944768492)
                uniform token[] xformOpOrder = ["xformOp:translate", "xformOp:orient", "xformOp:scale"]
            }

            def Xform "ornament_0046" (
                prepend references = @./Meshes/ornament_0046.usd@
            )
            {
                quatf xformOp:orient = (1.3315805e-7, -0, 0, 1)
                float3 xformOp:scale = (1.194, 1, 1)
                double3 xformOp:translate = (-2.3901519775390625, -3.0075222778320314, 0.944835037425571)
                uniform token[] xformOpOrder = ["xformOp:translate", "xformOp:orient", "xformOp:scale"]
            }

            def Xform "tray_0002" (
                prepend references = @./Meshes/tray_0002.usd@
            )
            {
                quatf xformOp:orient = (1, -0, 0, -0)
                float3 xformOp:scale = (1, 1, 1)
                double3 xformOp:translate = (-4.0078454589843755, -1.6318634643554264, 0.7577660118134377)
                uniform token[] xformOpOrder = ["xformOp:translate", "xformOp:orient", "xformOp:scale"]
            }

            def Xform "wine_set_0000" (
                prepend references = @./Meshes/wine_set_0000.usd@
            )
            {
                quatf xformOp:orient = (1, -0, 0, -0)
                float3 xformOp:scale = (1, 1, 1)
                double3 xformOp:translate = (-4.364737097740176, -2.0617168893814086, 0.8220959854111668)
                uniform token[] xformOpOrder = ["xformOp:translate", "xformOp:orient", "xformOp:scale"]
            }

            def Xform "wine_set_0001" (
                prepend references = @./Meshes/wine_set_0001.usd@
            )
            {
                quatf xformOp:orient = (1, -0, 0, -0)
                float3 xformOp:scale = (1, 1, 1)
                double3 xformOp:translate = (-3.6599781627655097, -1.2856778259277348, 0.8220689239483612)
                uniform token[] xformOpOrder = ["xformOp:translate", "xformOp:orient", "xformOp:scale"]
            }

            def Xform "wine_set_0002" (
                prepend references = @./Meshes/wine_set_0002.usd@
            )
            {
                quatf xformOp:orient = (1, -0, 0, -0)
                float3 xformOp:scale = (1, 1, 1)
                double3 xformOp:translate = (-4.548480529785147, -1.5310289697647108, 0.822089931486516)
                uniform token[] xformOpOrder = ["xformOp:translate", "xformOp:orient", "xformOp:scale"]
            }

            def Xform "wine_set_0003" (
                prepend references = @./Meshes/wine_set_0003.usd@
            )
            {
                quatf xformOp:orient = (1, -0, 0, -0)
                float3 xformOp:scale = (1, 1, 1)
                double3 xformOp:translate = (-3.494172477722174, -1.6604202842712525, 0.8220745010358455)
                uniform token[] xformOpOrder = ["xformOp:translate", "xformOp:orient", "xformOp:scale"]
            }

            def Xform "wine_set_0004" (
                prepend references = @./Meshes/wine_set_0004.usd@
            )
            {
                quatf xformOp:orient = (1, -0, 0, -0)
                float3 xformOp:scale = (1, 1, 1)
                double3 xformOp:translate = (-3.8394185609817404, -2.0774043474197392, 0.8221285133352356)
                uniform token[] xformOpOrder = ["xformOp:translate", "xformOp:orient", "xformOp:scale"]
            }

            def Xform "wine_set_0005" (
                prepend references = @./Meshes/wine_set_0005.usd@
            )
            {
                quatf xformOp:orient = (1, -0, 0, -0)
                float3 xformOp:scale = (1, 1, 1)
                double3 xformOp:translate = (-4.175517552375807, -1.1298103437423708, 0.8220514717081109)
                uniform token[] xformOpOrder = ["xformOp:translate", "xformOp:orient", "xformOp:scale"]
            }

            def Xform "wine_set_0006" (
                prepend references = @./Meshes/wine_set_0006.usd@
            )
            {
                quatf xformOp:orient = (1.3315805e-7, -0, 0, 1)
                float3 xformOp:scale = (1.194, 1, 1)
                double3 xformOp:translate = (-3.0042181396484375, -3.061952819824219, 1.9024927291884604)
                uniform token[] xformOpOrder = ["xformOp:translate", "xformOp:orient", "xformOp:scale"]
            }

            def Xform "wine_set_0007" (
                prepend references = @./Meshes/wine_set_0007.usd@
            )
            {
                quatf xformOp:orient = (1.3315805e-7, -0, 0, 1)
                float3 xformOp:scale = (1.194, 1, 1)
                double3 xformOp:translate = (-2.879674377441406, -3.061952819824219, 1.9024925384535942)
                uniform token[] xformOpOrder = ["xformOp:translate", "xformOp:orient", "xformOp:scale"]
            }

            def Xform "dining_table_0000" (
                prepend references = @./Meshes/dining_table_0000.usd@
            )
            {
                quatf xformOp:orient = (1, -0, 0, -0)
                float3 xformOp:scale = (1, 1, 1)
                double3 xformOp:translate = (-4.003437194824255, -1.6471628417995248, 0.37160593412253096)
                uniform token[] xformOpOrder = ["xformOp:translate", "xformOp:orient", "xformOp:scale"]
            }

            def Xform "chair_0000" (
                prepend references = @./Meshes/chair_0000.usd@
            )
            {
                quatf xformOp:orient = (1, -0, 0, -0)
                float3 xformOp:scale = (1, 1, 1)
                double3 xformOp:translate = (-3.320768234992146, -2.0199850767154772, 0.40613574277901426)
                uniform token[] xformOpOrder = ["xformOp:translate", "xformOp:orient", "xformOp:scale"]
            }

            def Xform "chair_0001" (
                prepend references = @./Meshes/chair_0001.usd@
            )
            {
                quatf xformOp:orient = (1, -0, 0, -0)
                float3 xformOp:scale = (1, 1, 1)
                double3 xformOp:translate = (-3.995524498040226, -2.431927825945395, 0.40518064181413593)
                uniform token[] xformOpOrder = ["xformOp:translate", "xformOp:orient", "xformOp:scale"]
            }

            def Xform "chair_0002" (
                prepend references = @./Meshes/chair_0002.usd@
            )
            {
                quatf xformOp:orient = (1, -0, 0, -0)
                float3 xformOp:scale = (1, 1, 1)
                double3 xformOp:translate = (-4.027355689867978, -0.8882268981637913, 0.40629130624671234)
                uniform token[] xformOpOrder = ["xformOp:translate", "xformOp:orient", "xformOp:scale"]
            }

            def Xform "chair_0003" (
                prepend references = @./Meshes/chair_0003.usd@
            )
            {
                quatf xformOp:orient = (1, -0, 0, -0)
                float3 xformOp:scale = (1, 1, 1)
                double3 xformOp:translate = (-3.3231596989177503, -1.319932876850436, 0.4066632096183116)
                uniform token[] xformOpOrder = ["xformOp:translate", "xformOp:orient", "xformOp:scale"]
            }

            def Xform "chair_0004" (
                prepend references = @./Meshes/chair_0004.usd@
            )
            {
                quatf xformOp:orient = (1, -0, 0, -0)
                float3 xformOp:scale = (1, 1, 1)
                double3 xformOp:translate = (-4.646431990828809, -2.0236210935289, 0.40552175961143916)
                uniform token[] xformOpOrder = ["xformOp:translate", "xformOp:orient", "xformOp:scale"]
            }

            def Xform "chair_0005" (
                prepend references = @./Meshes/chair_0005.usd@
            )
            {
                quatf xformOp:orient = (1, -0, 0, -0)
                float3 xformOp:scale = (1, 1, 1)
                double3 xformOp:translate = (-4.648824737125936, -1.3235694887513614, 0.4041068054575044)
                uniform token[] xformOpOrder = ["xformOp:translate", "xformOp:orient", "xformOp:scale"]
            }
        }

        def Scope "balcony_792635"
        {
            def Xform "cabinet_0011" (
                prepend references = @./Meshes/cabinet_0011.usd@
            )
            {
                quatf xformOp:orient = (1, -0, 0, -0)
                float3 xformOp:scale = (10, 10, 10)
                double3 xformOp:translate = (6.707546875, 0.9401159647968749, 0.24549948893785836)
                uniform token[] xformOpOrder = ["xformOp:translate", "xformOp:orient", "xformOp:scale"]
            }

            def Xform "curtain_0000" (
                prepend references = @./Meshes/curtain_0000.usd@
            )
            {
                quatf xformOp:orient = (0.7071069, -0, 0, -0.7071067)
                float3 xformOp:scale = (0.9124, 0.793, 0.9875)
                double3 xformOp:translate = (7.308945312500001, 0.78850830078125, 1.321672596731578)
                uniform token[] xformOpOrder = ["xformOp:translate", "xformOp:orient", "xformOp:scale"]
            }

            def Xform "curtain_0001" (
                prepend references = @./Meshes/curtain_0001.usd@
            )
            {
                quatf xformOp:orient = (0.7071069, -0, 0, -0.7071067)
                float3 xformOp:scale = (0.9124, 0.793, 0.9875)
                double3 xformOp:translate = (7.37458984375, 0.4138079833984375, 1.3096535690215843)
                uniform token[] xformOpOrder = ["xformOp:translate", "xformOp:orient", "xformOp:scale"]
            }

            def Xform "curtain_0002" (
                prepend references = @./Meshes/curtain_0002.usd@
            )
            {
                quatf xformOp:orient = (0.7071069, -0, 0, -0.7071067)
                float3 xformOp:scale = (0.9124, 0.793, 0.9875)
                double3 xformOp:translate = (7.308945312500001, -2.1101904296875, 1.321670788565025)
                uniform token[] xformOpOrder = ["xformOp:translate", "xformOp:orient", "xformOp:scale"]
            }

            def Xform "curtain_0003" (
                prepend references = @./Meshes/curtain_0003.usd@
            )
            {
                quatf xformOp:orient = (0.7071069, -0, 0, -0.7071067)
                float3 xformOp:scale = (0.9124, 0.793, 0.9875)
                double3 xformOp:translate = (7.37458984375, -1.95060302734375, 1.3096536895660211)
                uniform token[] xformOpOrder = ["xformOp:translate", "xformOp:orient", "xformOp:scale"]
            }

            def Xform "shelf_0002" (
                prepend references = @./Meshes/shelf_0002.usd@
            )
            {
                quatf xformOp:orient = (1.3315805e-7, -0, 0, 1)
                float3 xformOp:scale = (1.1328, 0.69140005, 0.82379997)
                double3 xformOp:translate = (6.788754266059414, -2.4311166685886807, 1.2360229560380374)
                uniform token[] xformOpOrder = ["xformOp:translate", "xformOp:orient", "xformOp:scale"]
            }

            def Xform "flower_0004" (
                prepend references = @./Meshes/flower_0004.usd@
            )
            {
                quatf xformOp:orient = (1, -0, 0, -0)
                float3 xformOp:scale = (1, 1, 1)
                double3 xformOp:translate = (7.03544785689589, 0.9016532363666722, 0.706474136352897)
                uniform token[] xformOpOrder = ["xformOp:translate", "xformOp:orient", "xformOp:scale"]
            }

            def Xform "flower_0005" (
                prepend references = @./Meshes/flower_0005.usd@
            )
            {
                quatf xformOp:orient = (1, -0, 0, -0)
                float3 xformOp:scale = (1, 1, 1)
                double3 xformOp:translate = (6.635021152511278, 0.901653228761544, 0.7064789810171686)
                uniform token[] xformOpOrder = ["xformOp:translate", "xformOp:orient", "xformOp:scale"]
            }

            def Xform "flower_0006" (
                prepend references = @./Meshes/flower_0006.usd@
            )
            {
                quatf xformOp:orient = (1, -0, 0, -0)
                float3 xformOp:scale = (1, 1, 1)
                double3 xformOp:translate = (6.435448223096264, 0.9016532669292866, 0.7071306381343783)
                uniform token[] xformOpOrder = ["xformOp:translate", "xformOp:orient", "xformOp:scale"]
            }

            def Xform "flower_0007" (
                prepend references = @./Meshes/flower_0007.usd@
            )
            {
                quatf xformOp:orient = (1, -0, 0, -0)
                float3 xformOp:scale = (1, 1, 1)
                double3 xformOp:translate = (6.83544765088297, 0.9002235298102622, 0.7067269210864032)
                uniform token[] xformOpOrder = ["xformOp:translate", "xformOp:orient", "xformOp:scale"]
            }
        }

        def Scope "unknown_786425"
        {
            def Xform "wall_light_0000" (
                prepend references = @./Meshes/wall_light_0000.usd@
            )
            {
                quatf xformOp:orient = (6.123234e-17, -0, 0, -1)
                float3 xformOp:scale = (1, 1, 1)
                double3 xformOp:translate = (-1.1377819824218751, -4.31619140625, 1.5129215646766903)
                uniform token[] xformOpOrder = ["xformOp:translate", "xformOp:orient", "xformOp:scale"]
            }
        }

        def Scope "wall"
        {
            def Xform "wall_0000" (
                prepend references = @./Meshes/wall_0000.usd@
            )
            {
                quatf xformOp:orient = (-1.3315805e-7, -0, 0, -1)
                float3 xformOp:scale = (-1.13497, 0.8792267, 0.8568379)
                double3 xformOp:translate = (3.535865478515625, -3.1662051391601564, 1.3006994577843258)
                uniform token[] xformOpOrder = ["xformOp:translate", "xformOp:orient", "xformOp:scale"]
            }

            def Xform "wall_0024" (
                prepend references = @./Meshes/wall_0024.usd@
            )
            {
                quatf xformOp:orient = (1, -0, 0, -0)
                float3 xformOp:scale = (10, 10, 10)
                double3 xformOp:translate = (-1.7914800262451172, 0.0756201171875, 1.3502332516637399)
                uniform token[] xformOpOrder = ["xformOp:translate", "xformOp:orient", "xformOp:scale"]

                over "Meshes"
                {
                    over "wall_0024"
                    {
                        over "mesh_0000"
                        {
                            over "SM_Wall_Merged_0002"
                            {
                            }
                        }
                    }
                }
            }

            def Xform "wall_0025" (
                prepend references = @./Meshes/wall_0025.usd@
            )
            {
                quatf xformOp:orient = (1, -0, 0, -0)
                float3 xformOp:scale = (10, 10, 10)
                double3 xformOp:translate = (-0.10772491455078126, -6.863379821777344, 1.3499949093785835)
                uniform token[] xformOpOrder = ["xformOp:translate", "xformOp:orient", "xformOp:scale"]
            }

            def Xform "wall_0026" (
                prepend references = @./Meshes/wall_0026.usd@
            )
            {
                quatf xformOp:orient = (1, -0, 0, -0)
                float3 xformOp:scale = (10, 10, 10)
                double3 xformOp:translate = (-6.291474914550782, 0.0006201171875, 1.350677892777021)
                uniform token[] xformOpOrder = ["xformOp:translate", "xformOp:orient", "xformOp:scale"]
            }

            def Xform "wall_0027" (
                prepend references = @./Meshes/wall_0027.usd@
            )
            {
                quatf xformOp:orient = (1, -0, 0, -0)
                float3 xformOp:scale = (10, 10, 10)
                double3 xformOp:translate = (1.211520004272461, -5.6418798828125, 1.3499949093785835)
                uniform token[] xformOpOrder = ["xformOp:translate", "xformOp:orient", "xformOp:scale"]
            }

            def Xform "wall_0028" (
                prepend references = @./Meshes/wall_0028.usd@
            )
            {
                quatf xformOp:orient = (1, -0, 0, -0)
                float3 xformOp:scale = (10, 10, 10)
                double3 xformOp:translate = (-0.0004769992828369141, 0.7683700561523438, 1.3499949093785835)
                uniform token[] xformOpOrder = ["xformOp:translate", "xformOp:orient", "xformOp:scale"]
            }

            def Xform "wall_0029" (
                prepend references = @./Meshes/wall_0029.usd@
            )
            {
                quatf xformOp:orient = (1, -0, 0, -0)
                float3 xformOp:scale = (10, 10, 10)
                double3 xformOp:translate = (-6.040820007324219, 1.3508999633789063, 1.3499949093785835)
                uniform token[] xformOpOrder = ["xformOp:translate", "xformOp:orient", "xformOp:scale"]
            }

            def Xform "wall_0030" (
                prepend references = @./Meshes/wall_0030.usd@
            )
            {
                quatf xformOp:orient = (1, -0, 0, -0)
                float3 xformOp:scale = (10, 10, 10)
                double3 xformOp:translate = (-1.4304299926757813, -6.536080017089844, 1.3499949093785835)
                uniform token[] xformOpOrder = ["xformOp:translate", "xformOp:orient", "xformOp:scale"]
            }

            def Xform "wall_0031" (
                prepend references = @./Meshes/wall_0031.usd@
            )
            {
                quatf xformOp:orient = (1, -0, 0, -0)
                float3 xformOp:scale = (10, 10, 10)
                double3 xformOp:translate = (-0.11197479248046875, -3.2423799133300784, 1.3499839159380644)
                uniform token[] xformOpOrder = ["xformOp:translate", "xformOp:orient", "xformOp:scale"]
            }

            def Xform "wall_0032" (
                prepend references = @./Meshes/wall_0032.usd@
            )
            {
                quatf xformOp:orient = (1, -0, 0, -0)
                float3 xformOp:scale = (10, 10, 10)
                double3 xformOp:translate = (3.8060225708037616, 1.2226200103759766, 1.3499949093785835)
                uniform token[] xformOpOrder = ["xformOp:translate", "xformOp:orient", "xformOp:scale"]
            }

            def Xform "wall_0033" (
                prepend references = @./Meshes/wall_0033.usd@
            )
            {
                quatf xformOp:orient = (1, -0, 0, -0)
                float3 xformOp:scale = (10, 10, 10)
                double3 xformOp:translate = (-4.706475067138672, -0.04038304805755615, 1.3499949093785835)
                uniform token[] xformOpOrder = ["xformOp:translate", "xformOp:orient", "xformOp:scale"]
            }

            def Xform "wall_0034" (
                prepend references = @./Meshes/wall_0034.usd@
            )
            {
                quatf xformOp:orient = (1, -0, 0, -0)
                float3 xformOp:scale = (10, 10, 10)
                double3 xformOp:translate = (-4.045974884033203, 1.8506200408935547, 1.3499949093785835)
                uniform token[] xformOpOrder = ["xformOp:translate", "xformOp:orient", "xformOp:scale"]
            }

            def Xform "wall_0035" (
                prepend references = @./Meshes/wall_0035.usd@
            )
            {
                quatf xformOp:orient = (1, -0, 0, -0)
                float3 xformOp:scale = (10, 10, 10)
                double3 xformOp:translate = (7.503520202636719, -0.6763849639892578, 1.3499949093785835)
                uniform token[] xformOpOrder = ["xformOp:translate", "xformOp:orient", "xformOp:scale"]
            }

            def Xform "wall_0036" (
                prepend references = @./Meshes/wall_0036.usd@
            )
            {
                quatf xformOp:orient = (1, -0, 0, -0)
                float3 xformOp:scale = (10, 10, 10)
                double3 xformOp:translate = (-4.706475067138672, 3.922620086669922, 1.3499949093785835)
                uniform token[] xformOpOrder = ["xformOp:translate", "xformOp:orient", "xformOp:scale"]
            }

            def Xform "wall_0037" (
                prepend references = @./Meshes/wall_0037.usd@
            )
            {
                quatf xformOp:orient = (1, -0, 0, -0)
                float3 xformOp:scale = (10, 10, 10)
                double3 xformOp:translate = (-0.23097999572753908, -4.489880065917969, 1.3499949093785835)
                uniform token[] xformOpOrder = ["xformOp:translate", "xformOp:orient", "xformOp:scale"]
            }

            def Xform "wall_0038" (
                prepend references = @./Meshes/wall_0038.usd@
            )
            {
                quatf xformOp:orient = (1, -0, 0, -0)
                float3 xformOp:scale = (10, 10, 10)
                double3 xformOp:translate = (-0.8504783201217652, 5.926620178222656, 1.3499949093785835)
                uniform token[] xformOpOrder = ["xformOp:translate", "xformOp:orient", "xformOp:scale"]
            }

            def Xform "wall_0039" (
                prepend references = @./Meshes/wall_0039.usd@
            )
            {
                quatf xformOp:orient = (1, -0, 0, -0)
                float3 xformOp:scale = (10, 10, 10)
                double3 xformOp:translate = (-4.045974884033203, 6.914620056152344, 1.3499949093785835)
                uniform token[] xformOpOrder = ["xformOp:translate", "xformOp:orient", "xformOp:scale"]
            }

            def Xform "wall_0040" (
                prepend references = @./Meshes/wall_0040.usd@
            )
            {
                quatf xformOp:orient = (1, -0, 0, -0)
                float3 xformOp:scale = (10, 10, 10)
                double3 xformOp:translate = (-5.841159973144531, 1.5662600326538085, 1.3499949093785835)
                uniform token[] xformOpOrder = ["xformOp:translate", "xformOp:orient", "xformOp:scale"]
            }

            def Xform "wall_0041" (
                prepend references = @./Meshes/wall_0041.usd@
            )
            {
                quatf xformOp:orient = (1, -0, 0, -0)
                float3 xformOp:scale = (10, 10, 10)
                double3 xformOp:translate = (6.8400201416015625, -2.5753799438476563, 1.3499949093785835)
                uniform token[] xformOpOrder = ["xformOp:translate", "xformOp:orient", "xformOp:scale"]
            }

            def Xform "wall_0042" (
                prepend references = @./Meshes/wall_0042.usd@
            )
            {
                quatf xformOp:orient = (1, -0, 0, -0)
                float3 xformOp:scale = (10, 10, 10)
                double3 xformOp:translate = (-7.5034701538085935, 1.9386184692382813, 1.3499949093785835)
                uniform token[] xformOpOrder = ["xformOp:translate", "xformOp:orient", "xformOp:scale"]
            }

            def Xform "wall_0043" (
                prepend references = @./Meshes/wall_0043.usd@
            )
            {
                quatf xformOp:orient = (1, -0, 0, -0)
                float3 xformOp:scale = (10, 10, 10)
                double3 xformOp:translate = (-1.5764550018310548, -6.259949951171875, 1.3499949093785835)
                uniform token[] xformOpOrder = ["xformOp:translate", "xformOp:orient", "xformOp:scale"]
            }

            def Xform "wall_0044" (
                prepend references = @./Meshes/wall_0044.usd@
            )
            {
                quatf xformOp:orient = (1, -0, 0, -0)
                float3 xformOp:scale = (10, 10, 10)
                double3 xformOp:translate = (6.037770080566406, -2.895384864807129, 1.3499949093785835)
                uniform token[] xformOpOrder = ["xformOp:translate", "xformOp:orient", "xformOp:scale"]
            }
        }

        def Scope "balcony_764413"
        {
            def Xform "fridge_0000" (
                prepend references = @./Meshes/fridge_0000.usd@
            )
            {
                quatf xformOp:orient = (1, -0, 0, -0)
                float3 xformOp:scale = (1, 1, 1)
                double3 xformOp:translate = (-6.9059478301737105, 3.463296768131178, 0.8938164367540387)
                uniform token[] xformOpOrder = ["xformOp:translate", "xformOp:orient", "xformOp:scale"]
            }
        }

        def Scope "ceiling"
        {
            def Xform "ceiling_0000" (
                prepend references = @./Meshes/ceiling_0000.usd@
            )
            {
                quatf xformOp:orient = (1, -0, 0, -0)
                float3 xformOp:scale = (10, 10, 10)
                double3 xformOp:translate = (3.0292729943584344, -1.0053835599032572, 2.7000000402331352)
                uniform token[] xformOpOrder = ["xformOp:translate", "xformOp:orient", "xformOp:scale"]
            }

            def Xform "ceiling_0001" (
                prepend references = @./Meshes/ceiling_0001.usd@
            )
            {
                quatf xformOp:orient = (1, -0, 0, -0)
                float3 xformOp:scale = (10, 10, 10)
                double3 xformOp:translate = (3.0292729943584344, -5.032383497839919, 2.7000000402331352)
                uniform token[] xformOpOrder = ["xformOp:translate", "xformOp:orient", "xformOp:scale"]
            }

            def Xform "ceiling_0002" (
                prepend references = @./Meshes/ceiling_0002.usd@
            )
            {
                quatf xformOp:orient = (1, -0, 0, -0)
                float3 xformOp:scale = (10, 10, 10)
                double3 xformOp:translate = (-0.9004759655665748, 1.3466165972145883, 2.7000000402331352)
                uniform token[] xformOpOrder = ["xformOp:translate", "xformOp:orient", "xformOp:scale"]
            }

            def Xform "ceiling_0003" (
                prepend references = @./Meshes/ceiling_0003.usd@
            )
            {
                quatf xformOp:orient = (1, -0, 0, -0)
                float3 xformOp:scale = (10, 10, 10)
                double3 xformOp:translate = (-4.037257140237943, -1.6413830505815599, 2.7000000402331352)
                uniform token[] xformOpOrder = ["xformOp:translate", "xformOp:orient", "xformOp:scale"]
            }

            def Xform "ceiling_0004" (
                prepend references = @./Meshes/ceiling_0004.usd@
            )
            {
                quatf xformOp:orient = (1, -0, 0, -0)
                float3 xformOp:scale = (10, 10, 10)
                double3 xformOp:translate = (-4.045975585192077, 2.893616009915113, 2.7000000402331352)
                uniform token[] xformOpOrder = ["xformOp:translate", "xformOp:orient", "xformOp:scale"]
            }

            def Xform "ceiling_0005" (
                prepend references = @./Meshes/ceiling_0005.usd@
            )
            {
                quatf xformOp:orient = (1, -0, 0, -0)
                float3 xformOp:scale = (10, 10, 10)
                double3 xformOp:translate = (-4.036975096776709, -5.032383009558662, 2.7000000402331352)
                uniform token[] xformOpOrder = ["xformOp:translate", "xformOp:orient", "xformOp:scale"]
            }

            def Xform "ceiling_0006" (
                prepend references = @./Meshes/ceiling_0006.usd@
            )
            {
                quatf xformOp:orient = (1, -0, 0, -0)
                float3 xformOp:scale = (10, 10, 10)
                double3 xformOp:translate = (-0.2899764447506732, -5.645383873185274, 2.7000000402331352)
                uniform token[] xformOpOrder = ["xformOp:translate", "xformOp:orient", "xformOp:scale"]
            }

            def Xform "ceiling_0007" (
                prepend references = @./Meshes/ceiling_0007.usd@
            )
            {
                quatf xformOp:orient = (1, -0, 0, -0)
                float3 xformOp:scale = (10, 10, 10)
                double3 xformOp:translate = (-4.045975585192077, 5.420615681359404, 2.7000000402331352)
                uniform token[] xformOpOrder = ["xformOp:translate", "xformOp:orient", "xformOp:scale"]
            }

            def Xform "ceiling_0008" (
                prepend references = @./Meshes/ceiling_0008.usd@
            )
            {
                quatf xformOp:orient = (1, -0, 0, -0)
                float3 xformOp:scale = (10, 10, 10)
                double3 xformOp:translate = (-6.901974223941179, 1.9436159957590098, 2.7000000402331352)
                uniform token[] xformOpOrder = ["xformOp:translate", "xformOp:orient", "xformOp:scale"]
            }

            def Xform "ceiling_0009" (
                prepend references = @./Meshes/ceiling_0009.usd@
            )
            {
                quatf xformOp:orient = (1, -0, 0, -0)
                float3 xformOp:scale = (10, 10, 10)
                double3 xformOp:translate = (-4.045975341051449, 0.9096159803512092, 2.7000000402331352)
                uniform token[] xformOpOrder = ["xformOp:translate", "xformOp:orient", "xformOp:scale"]
            }

            def Xform "ceiling_0010" (
                prepend references = @./Meshes/ceiling_0010.usd@
            )
            {
                quatf xformOp:orient = (1, -0, 0, -0)
                float3 xformOp:scale = (10, 10, 10)
                double3 xformOp:translate = (-0.8914759654324644, -3.8858834807557376, 2.7000000402331352)
                uniform token[] xformOpOrder = ["xformOp:translate", "xformOp:orient", "xformOp:scale"]
            }

            def Xform "ceiling_0011" (
                prepend references = @./Meshes/ceiling_0011.usd@
            )
            {
                quatf xformOp:orient = (1, -0, 0, -0)
                float3 xformOp:scale = (10, 10, 10)
                double3 xformOp:translate = (6.7735235384333645, -0.6763835550007753, 2.7000000402331352)
                uniform token[] xformOpOrder = ["xformOp:translate", "xformOp:orient", "xformOp:scale"]
            }

            def Xform "ceiling_0012" (
                prepend references = @./Meshes/ceiling_0012.usd@
            )
            {
                quatf xformOp:orient = (1, -0, 0, -0)
                float3 xformOp:scale = (10, 10, 10)
                double3 xformOp:translate = (0, 0, 0)
                uniform token[] xformOpOrder = ["xformOp:translate", "xformOp:orient", "xformOp:scale"]
            }

            def Xform "ceiling_0013" (
                prepend references = @./Meshes/ceiling_0013.usd@
            )
            {
                quatf xformOp:orient = (1, -0, 0, -0)
                float3 xformOp:scale = (10, 10, 10)
                double3 xformOp:translate = (0, 0, 0)
                uniform token[] xformOpOrder = ["xformOp:translate", "xformOp:orient", "xformOp:scale"]
            }

            def Xform "ceiling_0029" (
                prepend references = @./Meshes/ceiling_0029.usd@
            )
            {
                quatf xformOp:orient = (1, -0, 0, -0)
                float3 xformOp:scale = (10, 10, 10)
                double3 xformOp:translate = (0.000025024414062500002, 0.000565185546875, 0)
                uniform token[] xformOpOrder = ["xformOp:translate", "xformOp:orient", "xformOp:scale"]
            }
        }

        def Scope "floor"
        {
            def Xform "floor_0001" (
                prepend references = @./Meshes/floor_0001.usd@
            )
            {
                quatf xformOp:orient = (1, -0, 0, -0)
                float3 xformOp:scale = (10, 10, 10)
                double3 xformOp:translate = (-4.04597552, 5.4206156, 0.000744909378583543)
                uniform token[] xformOpOrder = ["xformOp:translate", "xformOp:orient", "xformOp:scale"]
            }

            def Xform "floor_0002" (
                prepend references = @./Meshes/floor_0002.usd@
            )
            {
                quatf xformOp:orient = (1, -0, 0, -0)
                float3 xformOp:scale = (10, 10, 10)
                double3 xformOp:translate = (-6.90197412, 1.94361548, 0.000744909378583543)
                uniform token[] xformOpOrder = ["xformOp:translate", "xformOp:orient", "xformOp:scale"]
            }

            def Xform "floor_0003" (
                prepend references = @./Meshes/floor_0003.usd@
            )
            {
                quatf xformOp:orient = (1, -0, 0, -0)
                float3 xformOp:scale = (10, 10, 10)
                double3 xformOp:translate = (0, 0, -9.377254173159599e-9)
                uniform token[] xformOpOrder = ["xformOp:translate", "xformOp:orient", "xformOp:scale"]
            }

            def Xform "floor_0004" (
                prepend references = @./Meshes/floor_0004.usd@
            )
            {
                quatf xformOp:orient = (1, -0, 0, -0)
                float3 xformOp:scale = (10, 10, 10)
                double3 xformOp:translate = (0, 0, -9.377254173159599e-9)
                uniform token[] xformOpOrder = ["xformOp:translate", "xformOp:orient", "xformOp:scale"]
            }

            def Xform "floor_0005" (
                prepend references = @./Meshes/floor_0005.usd@
            )
            {
                quatf xformOp:orient = (1, -0, 0, -0)
                float3 xformOp:scale = (10, 10, 10)
                double3 xformOp:translate = (0, 0, -9.377254173159599e-9)
                uniform token[] xformOpOrder = ["xformOp:translate", "xformOp:orient", "xformOp:scale"]
            }

            def Xform "floor_0006" (
                prepend references = @./Meshes/floor_0006.usd@
            )
            {
                quatf xformOp:orient = (1, -0, 0, -0)
                float3 xformOp:scale = (10, 10, 10)
                double3 xformOp:translate = (-4.03725708, -1.64138303, 0.0022949093308998274)
                uniform token[] xformOpOrder = ["xformOp:translate", "xformOp:orient", "xformOp:scale"]
            }

            def Xform "floor_0007" (
                prepend references = @./Meshes/floor_0007.usd@
            )
            {
                quatf xformOp:orient = (1, -0, 0, -0)
                float3 xformOp:scale = (10, 10, 10)
                double3 xformOp:translate = (-4.03697504, -5.03238293, 0.000744909378583543)
                uniform token[] xformOpOrder = ["xformOp:translate", "xformOp:orient", "xformOp:scale"]
            }

            def Xform "floor_0008" (
                prepend references = @./Meshes/floor_0008.usd@
            )
            {
                quatf xformOp:orient = (1, -0, 0, -0)
                float3 xformOp:scale = (10, 10, 10)
                double3 xformOp:translate = (0, 0, -9.377254173159599e-9)
                uniform token[] xformOpOrder = ["xformOp:translate", "xformOp:orient", "xformOp:scale"]
            }

            def Xform "floor_0009" (
                prepend references = @./Meshes/floor_0009.usd@
            )
            {
                quatf xformOp:orient = (1, -0, 0, -0)
                float3 xformOp:scale = (10, 10, 10)
                double3 xformOp:translate = (0, 0, -9.377254173159599e-9)
                uniform token[] xformOpOrder = ["xformOp:translate", "xformOp:orient", "xformOp:scale"]
            }

            def Xform "floor_0010" (
                prepend references = @./Meshes/floor_0010.usd@
            )
            {
                quatf xformOp:orient = (1, -0, 0, -0)
                float3 xformOp:scale = (10, 10, 10)
                double3 xformOp:translate = (3.0292724800000004, -5.03238342, 0.000744909378583543)
                uniform token[] xformOpOrder = ["xformOp:translate", "xformOp:orient", "xformOp:scale"]
            }

            def Xform "floor_0011" (
                prepend references = @./Meshes/floor_0011.usd@
            )
            {
                quatf xformOp:orient = (1, -0, 0, -0)
                float3 xformOp:scale = (10, 10, 10)
                double3 xformOp:translate = (0, 0, -9.377254173159599e-9)
                uniform token[] xformOpOrder = ["xformOp:translate", "xformOp:orient", "xformOp:scale"]
            }

            def Xform "floor_0012" (
                prepend references = @./Meshes/floor_0012.usd@
            )
            {
                quatf xformOp:orient = (1, -0, 0, -0)
                float3 xformOp:scale = (10, 10, 10)
                double3 xformOp:translate = (2.1292735, 0.70311621, -0.05141795066910018)
                uniform token[] xformOpOrder = ["xformOp:translate", "xformOp:orient", "xformOp:scale"]
            }

            def Xform "floor_0000" (
                prepend references = @./Meshes/floor_0000.usd@
            )
            {
                quatf xformOp:orient = (1, -0, 0, -0)
                float3 xformOp:scale = (10, 10, 10)
                double3 xformOp:translate = (0, 0, -0.25049491875583774)
                uniform token[] xformOpOrder = ["xformOp:translate", "xformOp:orient", "xformOp:scale"]
            }
        }
    }

    def "Rendering"
    {
        def "Lights"
        {
            def DistantLight "DirectionalLight"
            {
                float angle = 4.96
                uniform opaque collection:lightLink
                uniform token collection:lightLink:expansionRule = "expandPrims"
                uniform bool collection:lightLink:includeRoot = 1
                uniform pathExpression collection:lightLink:membershipExpression
                uniform opaque collection:shadowLink
                uniform token collection:shadowLink:expansionRule = "expandPrims"
                uniform bool collection:shadowLink:includeRoot = 1
                uniform pathExpression collection:shadowLink:membershipExpression
                color3f color = (1, 1, 1)
                float colorTemperature = 6500
                bool enableColorTemperature = 0
                float inputs:angle = 30
                color3f inputs:color = (0.972973, 0.9443509, 0.8527601)
                float inputs:colorTemperature = 6500
                float inputs:diffuse = 1
                bool inputs:enableColorTemperature = 0
                float inputs:exposure = 1
                float inputs:intensity = 3000
                bool inputs:normalize = 0
                float inputs:specular = 0
                float intensity = 1989.4366
                uniform token light:materialSyncMode = "noMaterialResponse"
                uniform token light:shaderId = "DistantLight"
                uniform token purpose = "default"
                token visibility = "inherited"
                bool visibleInPrimaryRay = 0
                quatd xformOp:orient = (0.5516611359549735, -0.2097885050448419, 0.4547968468698761, -0.6669472260270201)
                double3 xformOp:scale = (2.5, 2.5, 2.5)
                double3 xformOp:translate = (3.999999999999996, -2.085572127098087, 1.4718665355658562)
                uniform token[] xformOpOrder = ["xformOp:translate", "xformOp:orient", "xformOp:scale"]
            }

            def DomeLight "DomeLight"
            {
                uniform opaque collection:lightLink
                uniform token collection:lightLink:expansionRule = "expandPrims"
                uniform bool collection:lightLink:includeRoot = 1
                uniform pathExpression collection:lightLink:membershipExpression
                uniform opaque collection:shadowLink
                uniform token collection:shadowLink:expansionRule = "expandPrims"
                uniform bool collection:shadowLink:includeRoot = 1
                uniform pathExpression collection:shadowLink:membershipExpression
                float guideRadius = 100000
                color3f inputs:color = (1, 1, 1)
                float inputs:colorTemperature = 6500
                float inputs:diffuse = 1
                bool inputs:enableColorTemperature = 0
                float inputs:exposure = 1
                float inputs:intensity = 1000
                bool inputs:normalize = 0
                float inputs:shaping:cone:angle = 180
                float inputs:shaping:cone:softness = 0
                float inputs:shaping:focus = 0
                color3f inputs:shaping:focusTint = (0, 0, 0)
                float inputs:shaping:ies:angleScale = 0
                asset inputs:shaping:ies:file
                bool inputs:shaping:ies:normalize = 0
                float inputs:specular = 1
                asset inputs:texture:file = @./buikslotermeerplein_4k.hdr@
                token inputs:texture:format = "latlong"
                uniform token light:materialSyncMode = "noMaterialResponse"
                uniform token light:shaderId = "DomeLight"
                uniform token purpose = "default"
                token visibility = "inherited"
                quatd xformOp:orient = (1, 0, 0, 0)
                double3 xformOp:scale = (1, 1, 1)
                double3 xformOp:translate = (0, 0, 0)
                uniform token[] xformOpOrder = ["xformOp:translate", "xformOp:orient", "xformOp:scale"]
            }

            def RectLight "RectLight"
            {
                uniform opaque collection:lightLink
                uniform token collection:lightLink:expansionRule = "expandPrims"
                uniform bool collection:lightLink:includeRoot = 1
                uniform pathExpression collection:lightLink:membershipExpression
                uniform opaque collection:shadowLink
                uniform token collection:shadowLink:expansionRule = "expandPrims"
                uniform bool collection:shadowLink:includeRoot = 1
                uniform pathExpression collection:shadowLink:membershipExpression
                float3[] extent = [(-50, -50, 0), (50, 50, 0)]
                color3f inputs:color = (1, 1, 1)
                float inputs:colorTemperature = 6500
                float inputs:diffuse = 1
                bool inputs:enableColorTemperature = 0
                float inputs:exposure = 1
                float inputs:height = 0.42600003
                float inputs:intensity = 15000
                bool inputs:normalize = 0
                float inputs:shaping:cone:angle = 180
                float inputs:shaping:cone:softness = 0
                float inputs:shaping:focus = 0
                color3f inputs:shaping:focusTint = (0, 0, 0)
                float inputs:shaping:ies:angleScale = 0
                asset inputs:shaping:ies:file
                bool inputs:shaping:ies:normalize = 0
                float inputs:specular = 0
                asset inputs:texture:file
                float inputs:width = 1
                uniform token light:materialSyncMode = "noMaterialResponse"
                uniform token light:shaderId = "RectLight"
                uniform token purpose = "default"
                token visibility = "inherited"
                quatd xformOp:orient = (0.49999999999999994, 0.5000000000000003, 0.5000000000000003, 0.4999999999999997)
                double3 xformOp:scale = (1, 1, 1)
                double3 xformOp:translate = (7.39087247202261, -0.6755891177186609, 1.5004134275473016)
                uniform token[] xformOpOrder = ["xformOp:translate", "xformOp:orient", "xformOp:scale"]
            }

            def RectLight "RectLight_01"
            {
                uniform opaque collection:lightLink
                uniform token collection:lightLink:expansionRule = "expandPrims"
                uniform bool collection:lightLink:includeRoot = 1
                uniform pathExpression collection:lightLink:membershipExpression
                uniform opaque collection:shadowLink
                uniform token collection:shadowLink:expansionRule = "expandPrims"
                uniform bool collection:shadowLink:includeRoot = 1
                uniform pathExpression collection:shadowLink:membershipExpression
                float3[] extent = [(-50, -50, 0), (50, 50, 0)]
                color3f inputs:color = (1, 1, 1)
                float inputs:colorTemperature = 6500
                float inputs:diffuse = 1
                bool inputs:enableColorTemperature = 0
                float inputs:exposure = 1
                float inputs:height = 0.42600003
                float inputs:intensity = 15000
                bool inputs:normalize = 0
                float inputs:shaping:cone:angle = 180
                float inputs:shaping:cone:softness = 0
                float inputs:shaping:focus = 0
                color3f inputs:shaping:focusTint = (0, 0, 0)
                float inputs:shaping:ies:angleScale = 0
                asset inputs:shaping:ies:file
                bool inputs:shaping:ies:normalize = 0
                float inputs:specular = 0
                asset inputs:texture:file
                float inputs:width = 1
                uniform token light:materialSyncMode = "noMaterialResponse"
                uniform token light:shaderId = "RectLight"
                uniform token purpose = "default"
                token visibility = "inherited"
                quatd xformOp:orient = (0.49999999999999994, 0.5000000000000003, 0.5000000000000003, 0.4999999999999997)
                double3 xformOp:scale = (1, 1, 1)
                double3 xformOp:translate = (6.559106337953808, -5.07197963864642, 1.500413427547361)
                uniform token[] xformOpOrder = ["xformOp:translate", "xformOp:orient", "xformOp:scale"]
            }
        }
    }
}

def "Render" (
    hide_in_stage_window = true
    no_delete = true
)
{
    def "OmniverseKit"
    {
        def "HydraTextures" (
            hide_in_stage_window = true
            no_delete = true
        )
        {
            def RenderProduct "omni_kit_widget_viewport_ViewportTexture_0" (
                prepend apiSchemas = ["OmniRtxSettingsCommonAdvancedAPI_1", "OmniRtxSettingsRtAdvancedAPI_1", "OmniRtxSettingsPtAdvancedAPI_1", "OmniRtxPostColorGradingAPI_1", "OmniRtxPostChromaticAberrationAPI_1", "OmniRtxPostBloomPhysicalAPI_1", "OmniRtxPostMatteObjectAPI_1", "OmniRtxPostCompositingAPI_1", "OmniRtxPostDofAPI_1", "OmniRtxPostMotionBlurAPI_1", "OmniRtxPostTvNoiseAPI_1", "OmniRtxPostTonemapIrayReinhardAPI_1", "OmniRtxPostDebugSettingsAPI_1", "OmniRtxDebugSettingsAPI_1"]
                hide_in_stage_window = true
                no_delete = true
            )
            {
                rel camera = </OmniverseKit_Persp>
                token omni:rtx:background:source:texture:textureMode = "repeatMirrored"
                token omni:rtx:background:source:type = "domeLight"
                bool omni:rtx:dlss:frameGeneration = 0
                string omni:rtx:material:db:rtSensorNameToIdMap = "DefaultMaterial:0;AsphaltStandardMaterial:1;AsphaltWeatheredMaterial:2;VegetationGrassMaterial:3;WaterStandardMaterial:4;GlassStandardMaterial:5;FiberGlassMaterial:6;MetalAlloyMaterial:7;MetalAluminumMaterial:8;MetalAluminumOxidizedMaterial:9;PlasticStandardMaterial:10;RetroMarkingsMaterial:11;RetroSignMaterial:12;RubberStandardMaterial:13;SoilClayMaterial:14;ConcreteRoughMaterial:15;ConcreteSmoothMaterial:16;OakTreeBarkMaterial:17;FabricStandardMaterial:18;PlexiGlassStandardMaterial:19;MetalSilverMaterial:20"
                bool omni:rtx:material:db:syncLoads = 1
                bool omni:rtx:post:registeredCompositing:invertColorCorrection = 1
                bool omni:rtx:post:registeredCompositing:invertToneMap = 1
                float omni:rtx:pt:fireflyFilter:maxPerEmissiveUnexposedIntensity = 4799.9995
                float omni:rtx:pt:fireflyFilter:maxUnexposedIntensityPerSample = 4799.9995
                float omni:rtx:pt:fireflyFilter:maxUnexposedIntensityPerSampleDiffuse = 4799.9995
                bool omni:rtx:pt:lightcache:cached:dontResolveConflicts = 1
                int omni:rtx:pt:maxSamplesPerLaunch = 2073600
                int omni:rtx:pt:mgpu:maxPixelsPerRegionExponent = 12
                color3f omni:rtx:rt:ambientLight:color = (0.1, 0.1, 0.1)
                bool omni:rtx:rt:demoire = 0
                float omni:rtx:rt:directLighting:maxRayUnexposedIntensity = 9599.999
                float omni:rtx:rt:indirectdiffuse:maxRayUnexposedIntensity = 9599.999
                float omni:rtx:rt:inscattering:maxRTSampleUnexposedIntensity = 307199.97
                bool omni:rtx:rt:lightcache:spatialCache:dontResolveConflicts = 1
                float omni:rtx:rt:reflections:maxRayUnexposedIntensity = 28799.996
                float omni:rtx:rt:reflections:roughnessCacheThreshold = 1
                float omni:rtx:rt:refractions:maxRayUnexposedIntensity = 28799.996
                bool omni:rtx:scene:hydra:materialSyncLoads = 1
                bool omni:rtx:scene:hydra:mdlMaterialWarmup = 1
                uint omni:rtx:viewTile:limit = 4294967295
                rel orderedVars = </Render/Vars/LdrColor>
                custom bool overrideClipRange = 0
                uniform int2 resolution = (1280, 720)
            }
        }
    }

    def RenderSettings "OmniverseGlobalRenderSettings" (
        prepend apiSchemas = ["OmniRtxSettingsGlobalRtAdvancedAPI_1", "OmniRtxSettingsGlobalPtAdvancedAPI_1"]
        no_delete = true
    )
    {
        rel products = </Render/OmniverseKit/HydraTextures/omni_kit_widget_viewport_ViewportTexture_0>
    }

    def "Vars"
    {
        def RenderVar "LdrColor" (
            hide_in_stage_window = true
            no_delete = true
        )
        {
            uniform string sourceName = "LdrColor"
        }
    }
}

