#usda 1.0
(
    customLayerData = {
        dictionary cameraSettings = {
            dictionary Front = {
                double3 position = (500, 0, 0)
                double radius = 5
            }
            dictionary Perspective = {
                double3 position = (-1.6394900261532324, -0.7230975853815891, 2.0402009077979866)
                double3 target = (-1.3930959143280064, -4.367953362620224, 1.1535071101477712)
            }
            dictionary Right = {
                double3 position = (0, -500, 0)
                double radius = 5
            }
            dictionary Top = {
                double3 position = (0, 0, 500)
                double radius = 5
            }
            string boundCamera = "/OmniverseKit_Persp"
        }
        dictionary omni_layer = {
            string authoring_layer = "./kujiale_0024.usda"
            dictionary locked = {
            }
            dictionary muteness = {
            }
        }
        dictionary renderSettings = {
            double "rtx:directLighting:sampledLighting:maxRayUnexposedIntensity" = 20408.16015625
            double "rtx:indirectDiffuse:maxRayUnexposedIntensity" = 20408.16015625
            double "rtx:pathtracing:fireflyFilter:maxPerEmissiveUnexposedIntensity" = 10204.080078125
            double "rtx:pathtracing:fireflyFilter:maxUnexposedIntensityPerSample" = 10204.080078125
            double "rtx:pathtracing:fireflyFilter:maxUnexposedIntensityPerSampleDiffuse" = 10204.080078125
            double "rtx:post:tonemap:fNumber" = 2.799999952316284
            double "rtx:raytracing:inscattering:maxRTSampleUnexposedIntensity" = 653061.125
            double "rtx:reflections:maxRoughness" = 1
            double "rtx:reflections:sampledLighting:maxRayUnexposedIntensity" = 61224.484375
            double "rtx:translucency:maxRayUnexposedIntensity" = 61224.484375
        }
    }
    defaultPrim = "Root"
    metersPerUnit = 1
    upAxis = "Z"
)

def Xform "Root"
{
    def Scope "Meshes"
    {
        def Scope "kitchen_474"
        {
            def Xform "hardware_decoration_0000" (
                prepend references = @./Meshes/hardware_decoration_0000.usd@
            )
            {
                quatf xformOp:orient = (3.7493994e-33, 6.123234e-17, -1, -6.123234e-17)
                float3 xformOp:scale = (1.4977001, 0.914, 0.9934)
                double3 xformOp:translate = (-1.47615234375, 4.0485107421875, 2.272501318005434)
                uniform token[] xformOpOrder = ["xformOp:translate", "xformOp:orient", "xformOp:scale"]
            }

            def Xform "cabinet_0000" (
                prepend references = @./Meshes/cabinet_0000.usd@
            )
            {
                quatf xformOp:orient = (1, -0, 0, -0)
                float3 xformOp:scale = (1, 1, 1)
                double3 xformOp:translate = (-3.1308113937378783, 5.552447231289319, 0.751205408779116)
                uniform token[] xformOpOrder = ["xformOp:translate", "xformOp:orient", "xformOp:scale"]
            }

            def Xform "cabinet_0001" (
                prepend references = @./Meshes/cabinet_0001.usd@
            )
            {
                quatf xformOp:orient = (1, -0, 0, -0)
                float3 xformOp:scale = (3.0355, 1, 1)
                double3 xformOp:translate = (-2.7710419593906317, 5.552446259498596, 0.7512055317993487)
                uniform token[] xformOpOrder = ["xformOp:translate", "xformOp:orient", "xformOp:scale"]
            }

            def Xform "cabinet_0002" (
                prepend references = @./Meshes/cabinet_0002.usd@
            )
            {
                quatf xformOp:orient = (1, -0, 0, -0)
                float3 xformOp:scale = (1, 1, 1)
                double3 xformOp:translate = (-2.411380575180035, 5.552444208141254, 0.7512056452890951)
                uniform token[] xformOpOrder = ["xformOp:translate", "xformOp:orient", "xformOp:scale"]
            }

            def Xform "cabinet_0003" (
                prepend references = @./Meshes/cabinet_0003.usd@
            )
            {
                quatf xformOp:orient = (1, -0, 0, -0)
                float3 xformOp:scale = (1, 1, 0.3022)
                double3 xformOp:translate = (-3.1308108959198053, 5.552446307182094, 0.6274911737115461)
                uniform token[] xformOpOrder = ["xformOp:translate", "xformOp:orient", "xformOp:scale"]
            }

            def Xform "cabinet_0004" (
                prepend references = @./Meshes/cabinet_0004.usd@
            )
            {
                quatf xformOp:orient = (1, -0, 0, -0)
                float3 xformOp:scale = (3.0355, 1, 0.3022)
                double3 xformOp:translate = (-2.77104248046875, 5.543447265625, 0.6274913039781174)
                uniform token[] xformOpOrder = ["xformOp:translate", "xformOp:orient", "xformOp:scale"]
            }

            def Xform "cabinet_0005" (
                prepend references = @./Meshes/cabinet_0005.usd@
            )
            {
                quatf xformOp:orient = (1, -0, 0, -0)
                float3 xformOp:scale = (1, 1, 0.3022)
                double3 xformOp:translate = (-2.4113805961608703, 5.551445209502735, 0.6274912843804916)
                uniform token[] xformOpOrder = ["xformOp:translate", "xformOp:orient", "xformOp:scale"]

                over "Looks"
                {
                    over "MI_5c6aa7b85854e20001a1e297"
                    {
                        over "MI_5c6aa7b85854e20001a1e297"
                        {
                            float4 inputs:Metallic_Color = (0.1445, 0.1445, 0.1445, 1)
                        }
                    }
                }
            }

            def Xform "cabinet_0006" (
                prepend references = @./Meshes/cabinet_0006.usd@
            )
            {
                quatf xformOp:orient = (1, -0, 0, -0)
                float3 xformOp:scale = (1, 1, 1)
                double3 xformOp:translate = (-3.13081216621405, 5.552446700093007, 0.5012856061057195)
                uniform token[] xformOpOrder = ["xformOp:translate", "xformOp:orient", "xformOp:scale"]
            }

            def Xform "cabinet_0007" (
                prepend references = @./Meshes/cabinet_0007.usd@
            )
            {
                quatf xformOp:orient = (1, -0, 0, -0)
                float3 xformOp:scale = (3.0355, 1, 1)
                double3 xformOp:translate = (-2.77104248046875, 5.552446249008178, 0.5012854230040361)
                uniform token[] xformOpOrder = ["xformOp:translate", "xformOp:orient", "xformOp:scale"]

                over "Looks"
                {
                    over "MI_5c6aa7b85854e20001a1e297"
                    {
                        over "MI_5c6aa7b85854e20001a1e297"
                        {
                            float4 inputs:Metallic_Color = (0.1445, 0.1445, 0.1445, 1)
                        }
                    }
                }
            }

            def Xform "cabinet_0008" (
                prepend references = @./Meshes/cabinet_0008.usd@
            )
            {
                quatf xformOp:orient = (1, -0, 0, -0)
                float3 xformOp:scale = (1, 1, 1)
                double3 xformOp:translate = (-2.4113814353943175, 5.552445049282233, 0.5012854878502571)
                uniform token[] xformOpOrder = ["xformOp:translate", "xformOp:orient", "xformOp:scale"]
            }

            def Xform "cabinet_0015" (
                prepend references = @./Meshes/cabinet_0015.usd@
            )
            {
                quatf xformOp:orient = (1, -0, 0, -0)
                float3 xformOp:scale = (10, 10, 10)
                double3 xformOp:translate = (-1.5031731624757374, 4.799511633179689, 1.9499995219999764)
                uniform token[] xformOpOrder = ["xformOp:translate", "xformOp:orient", "xformOp:scale"]
            }

            def Xform "cabinet_0016" (
                prepend references = @./Meshes/cabinet_0016.usd@
            )
            {
                quatf xformOp:orient = (1, -0, 0, -0)
                float3 xformOp:scale = (10, 10, 10)
                double3 xformOp:translate = (-2.395751791019531, 5.064829663843752, 0.4454927067984631)
                uniform token[] xformOpOrder = ["xformOp:translate", "xformOp:orient", "xformOp:scale"]

                over "Looks"
                {
                    over "MI_5c6aa7b85854e20001a1e297"
                    {
                        over "MI_5c6aa7b85854e20001a1e297"
                        {
                            float4 inputs:Metallic_Color = (0.1445, 0.1445, 0.1445, 1)
                        }
                    }
                }
            }

            def Xform "cabinet_0021" (
                prepend references = @./Meshes/cabinet_0021.usd@
            )
            {
                quatf xformOp:orient = (1, -0, 0, -0)
                float3 xformOp:scale = (1, 1, 1)
                double3 xformOp:translate = (-1.3500001000000001, 5.83, 1.2759355077817145)
                uniform token[] xformOpOrder = ["xformOp:translate", "xformOp:orient", "xformOp:scale"]
            }

            def Xform "door_handle_0000" (
                prepend references = @./Meshes/door_handle_0000.usd@
            )
            {
                quatf xformOp:orient = (1, -0, 0, -0)
                float3 xformOp:scale = (1, 1, 1)
                double3 xformOp:translate = (-2.7711510705977522, 5.525524038547149, 0.6249932291143987)
                uniform token[] xformOpOrder = ["xformOp:translate", "xformOp:orient", "xformOp:scale"]

                over "Meshes"
                {
                    over "door_handle_0000"
                    {
                        over "mesh_0000"
                        {
                            token visibility = "invisible"
                        }

                        over "mesh_0001"
                        {
                            token visibility = "invisible"
                        }

                        over "mesh_0002"
                        {
                            token visibility = "invisible"
                        }
                    }
                }
            }

            def Xform "range_hood_0000" (
                prepend references = @./Meshes/range_hood_0000.usd@
            )
            {
                quatf xformOp:orient = (0.7071069, -0, 0, -0.7071067)
                float3 xformOp:scale = (1, 1, 1)
                double3 xformOp:translate = (-1.4761529178706139, 5.211444122386856, 1.2899992863779919)
                uniform token[] xformOpOrder = ["xformOp:translate", "xformOp:orient", "xformOp:scale"]
            }

            def Xform "bathroom_product_0000" (
                prepend references = @./Meshes/bathroom_product_0000.usd@
            )
            {
                quatf xformOp:orient = (1, -0, 0, -0)
                float3 xformOp:scale = (1, 1, 1)
                double3 xformOp:translate = (-2.845955829444083, 5.973411927758932, 1.011352325129616)
                uniform token[] xformOpOrder = ["xformOp:translate", "xformOp:orient", "xformOp:scale"]
            }

            def Xform "basin_0000" (
                prepend references = @./Meshes/basin_0000.usd@
            )
            {
                quatf xformOp:orient = (1, -0, 0, -0)
                float3 xformOp:scale = (1, 1, 1)
                double3 xformOp:translate = (-2.7710866470798607, 5.836499885558876, 0.7329518542989819)
                uniform token[] xformOpOrder = ["xformOp:translate", "xformOp:orient", "xformOp:scale"]
            }

            def Xform "ornament_0009" (
                prepend references = @./Meshes/ornament_0009.usd@
            )
            {
                quatf xformOp:orient = (0.70710677, -0, 0, 0.70710677)
                float3 xformOp:scale = (1, 1, 1)
                double3 xformOp:translate = (-3.3070441608475125, 5.725505288124428, 0.9709009854484274)
                uniform token[] xformOpOrder = ["xformOp:translate", "xformOp:orient", "xformOp:scale"]
            }

            def Xform "ornament_0010" (
                prepend references = @./Meshes/ornament_0010.usd@
            )
            {
                quatf xformOp:orient = (0.70710677, -0, 0, 0.70710677)
                float3 xformOp:scale = (1, 1, 1)
                double3 xformOp:translate = (-3.350127582554506, 5.7185128450429925, 0.909173608038111)
                uniform token[] xformOpOrder = ["xformOp:translate", "xformOp:orient", "xformOp:scale"]
            }

            def Xform "ornament_0011" (
                prepend references = @./Meshes/ornament_0011.usd@
            )
            {
                quatf xformOp:orient = (0.70710677, -0, 0, 0.70710677)
                float3 xformOp:scale = (1, 1, 1)
                double3 xformOp:translate = (-3.374328598024762, 5.705211444374866, 0.9559860989714811)
                uniform token[] xformOpOrder = ["xformOp:translate", "xformOp:orient", "xformOp:scale"]
            }

            def Xform "ornament_0012" (
                prepend references = @./Meshes/ornament_0012.usd@
            )
            {
                quatf xformOp:orient = (0.70710677, -0, 0, 0.70710677)
                float3 xformOp:scale = (1, 1, 1)
                double3 xformOp:translate = (-3.2498705682761018, 5.784693620672768, 0.9243081299905854)
                uniform token[] xformOpOrder = ["xformOp:translate", "xformOp:orient", "xformOp:scale"]
            }

            def Xform "ornament_0013" (
                prepend references = @./Meshes/ornament_0013.usd@
            )
            {
                quatf xformOp:orient = (0.70710677, -0, 0, 0.70710677)
                float3 xformOp:scale = (1, 1, 1)
                double3 xformOp:translate = (-3.3797899179528135, 5.708256100657912, 0.9054465152856678)
                uniform token[] xformOpOrder = ["xformOp:translate", "xformOp:orient", "xformOp:scale"]
            }

            def Xform "ornament_0014" (
                prepend references = @./Meshes/ornament_0014.usd@
            )
            {
                quatf xformOp:orient = (0.70710677, -0, 0, 0.70710677)
                float3 xformOp:scale = (1, 1, 1)
                double3 xformOp:translate = (-3.2485081367423163, 5.72983679198579, 0.8710404817800935)
                uniform token[] xformOpOrder = ["xformOp:translate", "xformOp:orient", "xformOp:scale"]
            }

            def Xform "ornament_0015" (
                prepend references = @./Meshes/ornament_0015.usd@
            )
            {
                quatf xformOp:orient = (0.70710677, -0, 0, 0.70710677)
                float3 xformOp:scale = (1, 1, 1)
                double3 xformOp:translate = (-3.378240163803712, 5.650774397850262, 0.8700131075048758)
                uniform token[] xformOpOrder = ["xformOp:translate", "xformOp:orient", "xformOp:scale"]
            }

            def Xform "ornament_0016" (
                prepend references = @./Meshes/ornament_0016.usd@
            )
            {
                quatf xformOp:orient = (0.70710677, -0, 0, 0.70710677)
                float3 xformOp:scale = (1, 1, 1)
                double3 xformOp:translate = (-3.240440003394584, 5.670777305600285, 0.8718233086714009)
                uniform token[] xformOpOrder = ["xformOp:translate", "xformOp:orient", "xformOp:scale"]
            }

            def Xform "ornament_0017" (
                prepend references = @./Meshes/ornament_0017.usd@
            )
            {
                quatf xformOp:orient = (0.70710677, -0, 0, 0.70710677)
                float3 xformOp:scale = (1, 1, 1)
                double3 xformOp:translate = (-3.329585691455075, 5.771331438073129, 0.8713932449423187)
                uniform token[] xformOpOrder = ["xformOp:translate", "xformOp:orient", "xformOp:scale"]
            }

            def Xform "ornament_0018" (
                prepend references = @./Meshes/ornament_0018.usd@
            )
            {
                quatf xformOp:orient = (0.70710677, -0, 0, 0.70710677)
                float3 xformOp:scale = (1, 1, 1)
                double3 xformOp:translate = (-3.3853307867104916, 5.777576315881878, 0.8983061744827355)
                uniform token[] xformOpOrder = ["xformOp:translate", "xformOp:orient", "xformOp:scale"]
            }

            def Xform "ornament_0019" (
                prepend references = @./Meshes/ornament_0019.usd@
            )
            {
                quatf xformOp:orient = (0.70710677, -0, 0, 0.70710677)
                float3 xformOp:scale = (1, 1, 1)
                double3 xformOp:translate = (-3.307596769819769, 5.734164867408197, 0.8771773655072993)
                uniform token[] xformOpOrder = ["xformOp:translate", "xformOp:orient", "xformOp:scale"]
            }

            def Xform "ornament_0020" (
                prepend references = @./Meshes/ornament_0020.usd@
            )
            {
                quatf xformOp:orient = (0.70710677, -0, 0, 0.70710677)
                float3 xformOp:scale = (1, 1, 1)
                double3 xformOp:translate = (-3.3632081756519425, 5.762565472599318, 0.9441648695078834)
                uniform token[] xformOpOrder = ["xformOp:translate", "xformOp:orient", "xformOp:scale"]
            }

            def Xform "ornament_0021" (
                prepend references = @./Meshes/ornament_0021.usd@
            )
            {
                quatf xformOp:orient = (0.70710677, -0, 0, 0.70710677)
                float3 xformOp:scale = (1, 1, 1)
                double3 xformOp:translate = (-3.3527699065216727, 5.655993948928809, 0.9203055836740098)
                uniform token[] xformOpOrder = ["xformOp:translate", "xformOp:orient", "xformOp:scale"]
            }

            def Xform "ornament_0022" (
                prepend references = @./Meshes/ornament_0022.usd@
            )
            {
                quatf xformOp:orient = (0.70710677, -0, 0, 0.70710677)
                float3 xformOp:scale = (1, 1, 1)
                double3 xformOp:translate = (-3.3765175266188, 5.737601326939133, 0.8697498104231668)
                uniform token[] xformOpOrder = ["xformOp:translate", "xformOp:orient", "xformOp:scale"]
            }

            def Xform "ornament_0023" (
                prepend references = @./Meshes/ornament_0023.usd@
            )
            {
                quatf xformOp:orient = (0.70710677, -0, 0, 0.70710677)
                float3 xformOp:scale = (1, 1, 1)
                double3 xformOp:translate = (-3.288602669240901, 5.654223128316078, 0.8918407404134567)
                uniform token[] xformOpOrder = ["xformOp:translate", "xformOp:orient", "xformOp:scale"]
            }

            def Xform "ornament_0024" (
                prepend references = @./Meshes/ornament_0024.usd@
            )
            {
                quatf xformOp:orient = (0.70710677, -0, 0, 0.70710677)
                float3 xformOp:scale = (1, 1, 1)
                double3 xformOp:translate = (-3.269862801548165, 5.783242794985001, 0.8771340887174082)
                uniform token[] xformOpOrder = ["xformOp:translate", "xformOp:orient", "xformOp:scale"]
            }

            def Xform "ornament_0025" (
                prepend references = @./Meshes/ornament_0025.usd@
            )
            {
                quatf xformOp:orient = (0.70710677, -0, 0, 0.70710677)
                float3 xformOp:scale = (1, 1, 1)
                double3 xformOp:translate = (-3.3246478767422856, 5.6766160335491, 0.867804870331869)
                uniform token[] xformOpOrder = ["xformOp:translate", "xformOp:orient", "xformOp:scale"]
            }

            def Xform "ornament_0026" (
                prepend references = @./Meshes/ornament_0026.usd@
            )
            {
                quatf xformOp:orient = (0.70710677, -0, 0, 0.70710677)
                float3 xformOp:scale = (1, 1, 1)
                double3 xformOp:translate = (-3.2462742414562182, 5.755636999605373, 0.9635233032285033)
                uniform token[] xformOpOrder = ["xformOp:translate", "xformOp:orient", "xformOp:scale"]
            }

            def Xform "ornament_0027" (
                prepend references = @./Meshes/ornament_0027.usd@
            )
            {
                quatf xformOp:orient = (0.70710677, -0, 0, 0.70710677)
                float3 xformOp:scale = (1, 1, 1)
                double3 xformOp:translate = (-3.2916680707836155, 5.782782222736357, 0.9676042744704672)
                uniform token[] xformOpOrder = ["xformOp:translate", "xformOp:orient", "xformOp:scale"]
            }

            def Xform "ornament_0028" (
                prepend references = @./Meshes/ornament_0028.usd@
            )
            {
                quatf xformOp:orient = (0.70710677, -0, 0, 0.70710677)
                float3 xformOp:scale = (1, 1, 1)
                double3 xformOp:translate = (-3.3074673604992406, 5.681747019765372, 0.9391551525207176)
                uniform token[] xformOpOrder = ["xformOp:translate", "xformOp:orient", "xformOp:scale"]
            }

            def Xform "ornament_0029" (
                prepend references = @./Meshes/ornament_0029.usd@
            )
            {
                quatf xformOp:orient = (0.70710677, -0, 0, 0.70710677)
                float3 xformOp:scale = (1, 1, 1)
                double3 xformOp:translate = (-3.3322531890866287, 5.65313128376253, 0.9693139535948284)
                uniform token[] xformOpOrder = ["xformOp:translate", "xformOp:orient", "xformOp:scale"]
            }

            def Xform "ornament_0030" (
                prepend references = @./Meshes/ornament_0030.usd@
            )
            {
                quatf xformOp:orient = (0.70710677, -0, 0, 0.70710677)
                float3 xformOp:scale = (1, 1, 1)
                double3 xformOp:translate = (-3.2442053661402968, 5.6607309746712655, 0.9227063200017579)
                uniform token[] xformOpOrder = ["xformOp:translate", "xformOp:orient", "xformOp:scale"]
            }

            def Xform "ornament_0031" (
                prepend references = @./Meshes/ornament_0031.usd@
            )
            {
                quatf xformOp:orient = (0.70710677, -0, 0, 0.70710677)
                float3 xformOp:scale = (1, 1, 1)
                double3 xformOp:translate = (-3.274019881247707, 5.732718851090974, 0.9261574375242629)
                uniform token[] xformOpOrder = ["xformOp:translate", "xformOp:orient", "xformOp:scale"]
            }

            def Xform "ornament_0032" (
                prepend references = @./Meshes/ornament_0032.usd@
            )
            {
                quatf xformOp:orient = (0.70710677, -0, 0, 0.70710677)
                float3 xformOp:scale = (1, 1, 1)
                double3 xformOp:translate = (-3.3112838101426214, 5.77504767036349, 0.9225474946123284)
                uniform token[] xformOpOrder = ["xformOp:translate", "xformOp:orient", "xformOp:scale"]
            }

            def Xform "ornament_0033" (
                prepend references = @./Meshes/ornament_0033.usd@
            )
            {
                quatf xformOp:orient = (0.70710677, -0, 0, 0.70710677)
                float3 xformOp:scale = (1, 1, 1)
                double3 xformOp:translate = (-3.2442842807679813, 5.703039405825963, 0.9513068253592892)
                uniform token[] xformOpOrder = ["xformOp:translate", "xformOp:orient", "xformOp:scale"]
            }

            def Xform "storage_0001" (
                prepend references = @./Meshes/storage_0001.usd@
            )
            {
                quatf xformOp:orient = (0.70710677, -0, 0, 0.70710677)
                float3 xformOp:scale = (1, 1, 1)
                double3 xformOp:translate = (-3.312736732482654, 5.716651063917932, 0.9279878213059665)
                uniform token[] xformOpOrder = ["xformOp:translate", "xformOp:orient", "xformOp:scale"]
            }

            def Xform "storage_0003" (
                prepend references = @./Meshes/storage_0003.usd@
            )
            {
                quatf xformOp:orient = (1, -0, 0, -0)
                float3 xformOp:scale = (1, 1, 1)
                double3 xformOp:translate = (-1.36483495, 6.009055, 1.3595968471430429)
                uniform token[] xformOpOrder = ["xformOp:translate", "xformOp:orient", "xformOp:scale"]
            }

            def Xform "storage_0004" (
                prepend references = @./Meshes/storage_0004.usd@
            )
            {
                quatf xformOp:orient = (1, -0, 0, -0)
                float3 xformOp:scale = (1, 1, 1)
                double3 xformOp:translate = (-1.3648349, 6.009055, 1.2245912739757532)
                uniform token[] xformOpOrder = ["xformOp:translate", "xformOp:orient", "xformOp:scale"]
            }

            def Xform "storage_0005" (
                prepend references = @./Meshes/storage_0005.usd@
            )
            {
                quatf xformOp:orient = (1, -0, 0, -0)
                float3 xformOp:scale = (1, 1, 1)
                double3 xformOp:translate = (-1.36483495, 5.9217719, 1.3595968471430429)
                uniform token[] xformOpOrder = ["xformOp:translate", "xformOp:orient", "xformOp:scale"]
            }

            def Xform "storage_0006" (
                prepend references = @./Meshes/storage_0006.usd@
            )
            {
                quatf xformOp:orient = (1, -0, 0, -0)
                float3 xformOp:scale = (1, 1, 1)
                double3 xformOp:translate = (-1.3648349, 5.9217719, 1.2245912739757532)
                uniform token[] xformOpOrder = ["xformOp:translate", "xformOp:orient", "xformOp:scale"]
            }

            def Xform "storage_0007" (
                prepend references = @./Meshes/storage_0007.usd@
            )
            {
                quatf xformOp:orient = (1, -0, 0, -0)
                float3 xformOp:scale = (1, 1, 1)
                double3 xformOp:translate = (-1.36483495, 5.83449345, 1.3595968471430429)
                uniform token[] xformOpOrder = ["xformOp:translate", "xformOp:orient", "xformOp:scale"]
            }

            def Xform "storage_0008" (
                prepend references = @./Meshes/storage_0008.usd@
            )
            {
                quatf xformOp:orient = (1, -0, 0, -0)
                float3 xformOp:scale = (1, 1, 1)
                double3 xformOp:translate = (-1.3648349, 5.83449345, 1.2245912739757532)
                uniform token[] xformOpOrder = ["xformOp:translate", "xformOp:orient", "xformOp:scale"]
            }

            def Xform "storage_0009" (
                prepend references = @./Meshes/storage_0009.usd@
            )
            {
                quatf xformOp:orient = (1, -0, 0, -0)
                float3 xformOp:scale = (1, 1, 1)
                double3 xformOp:translate = (-1.3648349, 5.7472110999999995, 1.2245912739757532)
                uniform token[] xformOpOrder = ["xformOp:translate", "xformOp:orient", "xformOp:scale"]
            }

            def Xform "storage_0010" (
                prepend references = @./Meshes/storage_0010.usd@
            )
            {
                quatf xformOp:orient = (1, -0, 0, -0)
                float3 xformOp:scale = (1, 1, 1)
                double3 xformOp:translate = (-1.36483495, 5.7472110999999995, 1.3595968471430429)
                uniform token[] xformOpOrder = ["xformOp:translate", "xformOp:orient", "xformOp:scale"]
            }

            def Xform "storage_0011" (
                prepend references = @./Meshes/storage_0011.usd@
            )
            {
                quatf xformOp:orient = (1, -0, 0, -0)
                float3 xformOp:scale = (1, 1, 1)
                double3 xformOp:translate = (-1.3648349, 5.658677, 1.2245912739757532)
                uniform token[] xformOpOrder = ["xformOp:translate", "xformOp:orient", "xformOp:scale"]
            }

            def Xform "storage_0012" (
                prepend references = @./Meshes/storage_0012.usd@
            )
            {
                quatf xformOp:orient = (1, -0, 0, -0)
                float3 xformOp:scale = (1, 1, 1)
                double3 xformOp:translate = (-1.36483495, 5.658677, 1.3595968471430429)
                uniform token[] xformOpOrder = ["xformOp:translate", "xformOp:orient", "xformOp:scale"]
            }

            def Xform "kitchenware_0000" (
                prepend references = @./Meshes/kitchenware_0000.usd@
            )
            {
                quatf xformOp:orient = (0.7071068, -0, 0, -0.7071067)
                float3 xformOp:scale = (1, 1, 1)
                double3 xformOp:translate = (-1.5761522979733493, 5.1114379272452455, 0.8399995190718332)
                uniform token[] xformOpOrder = ["xformOp:translate", "xformOp:orient", "xformOp:scale"]
            }

            def Xform "kitchenware_0001" (
                prepend references = @./Meshes/kitchenware_0001.usd@
            )
            {
                quatf xformOp:orient = (1, -0, 0, -0)
                float3 xformOp:scale = (1, 1, 1)
                double3 xformOp:translate = (-3.348181678763645, 5.987410835120038, 0.9055366838459856)
                uniform token[] xformOpOrder = ["xformOp:translate", "xformOp:orient", "xformOp:scale"]
            }

            def Xform "kitchenware_0002" (
                prepend references = @./Meshes/kitchenware_0002.usd@
            )
            {
                quatf xformOp:orient = (1, -0, 0, -0)
                float3 xformOp:scale = (1, 1, 1)
                double3 xformOp:translate = (-3.3415774688661815, 5.984362212969966, 0.897041303390021)
                uniform token[] xformOpOrder = ["xformOp:translate", "xformOp:orient", "xformOp:scale"]
            }

            def Xform "kitchenware_0003" (
                prepend references = @./Meshes/kitchenware_0003.usd@
            )
            {
                quatf xformOp:orient = (1, -0, 0, -0)
                float3 xformOp:scale = (1, 1, 1)
                double3 xformOp:translate = (-3.3446749496411434, 5.985931709129302, 0.902032930153776)
                uniform token[] xformOpOrder = ["xformOp:translate", "xformOp:orient", "xformOp:scale"]
            }

            def Xform "tray_0000" (
                prepend references = @./Meshes/tray_0000.usd@
            )
            {
                quatf xformOp:orient = (0.7071068, -0, 0, -0.7071067)
                float3 xformOp:scale = (1, 1, 1)
                double3 xformOp:translate = (-1.7230871582031362, 4.463606651306153, 0.8442737166542056)
                uniform token[] xformOpOrder = ["xformOp:translate", "xformOp:orient", "xformOp:scale"]
            }

            def Xform "ceiling_light_0000" (
                prepend references = @./Meshes/ceiling_light_0000.usd@
            )
            {
                quatf xformOp:orient = (1, -0, 0, -0)
                float3 xformOp:scale = (10, 10, 10)
                double3 xformOp:translate = (-2.4, 4.8, 2.719869102478027)
                uniform token[] xformOpOrder = ["xformOp:translate", "xformOp:orient", "xformOp:scale"]
            }

            def Xform "cookware_0000" (
                prepend references = @./Meshes/cookware_0000.usd@
            )
            {
                quatf xformOp:orient = (1, -0, 0, -0)
                float3 xformOp:scale = (1, 1, 1)
                double3 xformOp:translate = (-1.3389685700000002, 4.54981417, 1.2434754987299568)
                uniform token[] xformOpOrder = ["xformOp:translate", "xformOp:orient", "xformOp:scale"]
            }

            def Xform "cookware_0001" (
                prepend references = @./Meshes/cookware_0001.usd@
            )
            {
                quatf xformOp:orient = (1, -0, 0, -0)
                float3 xformOp:scale = (1, 1, 1)
                double3 xformOp:translate = (-1.34652353, 4.4706027, 1.230209509795875)
                uniform token[] xformOpOrder = ["xformOp:translate", "xformOp:orient", "xformOp:scale"]
            }

            def Xform "cookware_0002" (
                prepend references = @./Meshes/cookware_0002.usd@
            )
            {
                quatf xformOp:orient = (1, -0, 0, -0)
                float3 xformOp:scale = (1, 1, 1)
                double3 xformOp:translate = (-1.3247192799999998, 4.390065900000001, 1.2330895027958748)
                uniform token[] xformOpOrder = ["xformOp:translate", "xformOp:orient", "xformOp:scale"]
            }
        }

        def Scope "balcony_879613"
        {
            def Xform "hardware_decoration_0001" (
                prepend references = @./Meshes/hardware_decoration_0001.usd@
            )
            {
                quatf xformOp:orient = (1.3315805e-7, -0, 0, 1)
                float3 xformOp:scale = (0.94983566, 0.9052775, 0.95244706)
                double3 xformOp:translate = (-1.7511489798021276, -6.155092892218307, 2.688179275627395)
                uniform token[] xformOpOrder = ["xformOp:translate", "xformOp:orient", "xformOp:scale"]
            }

            def Xform "cabinet_0014" (
                prepend references = @./Meshes/cabinet_0014.usd@
            )
            {
                quatf xformOp:orient = (0.70710677, -0, 0, 0.70710677)
                float3 xformOp:scale = (0.58570004, 0.58570004, 0.58570004)
                double3 xformOp:translate = (-3.3606319523593147, -5.494280050568098, 0.2679230236781949)
                uniform token[] xformOpOrder = ["xformOp:translate", "xformOp:orient", "xformOp:scale"]
            }

            def Xform "cabinet_0019" (
                prepend references = @./Meshes/cabinet_0019.usd@
            )
            {
                quatf xformOp:orient = (1, -0, 0, -0)
                float3 xformOp:scale = (1, 1, 1)
                double3 xformOp:translate = (-0.27923532, -5.26537102, 1.6917224034999765)
                uniform token[] xformOpOrder = ["xformOp:translate", "xformOp:orient", "xformOp:scale"]
            }

            def Xform "cabinet_0020" (
                prepend references = @./Meshes/cabinet_0020.usd@
            )
            {
                quatf xformOp:orient = (1, -0, 0, -0)
                float3 xformOp:scale = (1, 1, 1)
                double3 xformOp:translate = (-0.31815383, -5.34494502, 0.4682779029198982)
                uniform token[] xformOpOrder = ["xformOp:translate", "xformOp:orient", "xformOp:scale"]
            }

            def Xform "bathroom_product_0004" (
                prepend references = @./Meshes/bathroom_product_0004.usd@
            )
            {
                quatf xformOp:orient = (1, -0, 0, -0)
                float3 xformOp:scale = (1, 1, 1)
                double3 xformOp:translate = (-0.17733432000000002, -5.4015824199999996, 1.609528909138648)
                uniform token[] xformOpOrder = ["xformOp:translate", "xformOp:orient", "xformOp:scale"]
            }

            def Xform "bathroom_product_0005" (
                prepend references = @./Meshes/bathroom_product_0005.usd@
            )
            {
                quatf xformOp:orient = (1, -0, 0, -0)
                float3 xformOp:scale = (1, 1, 1)
                double3 xformOp:translate = (-0.16044286, -5.48694562, 1.591083418591773)
                uniform token[] xformOpOrder = ["xformOp:translate", "xformOp:orient", "xformOp:scale"]
            }

            def Xform "bathroom_product_0006" (
                prepend references = @./Meshes/bathroom_product_0006.usd@
            )
            {
                quatf xformOp:orient = (1, -0, 0, -0)
                float3 xformOp:scale = (1, 1, 1)
                double3 xformOp:translate = (-0.18274663, -5.222806470000001, 1.6041374184531012)
                uniform token[] xformOpOrder = ["xformOp:translate", "xformOp:orient", "xformOp:scale"]
            }

            def Xform "bathroom_product_0007" (
                prepend references = @./Meshes/bathroom_product_0007.usd@
            )
            {
                quatf xformOp:orient = (1, -0, 0, -0)
                float3 xformOp:scale = (1, 1, 1)
                double3 xformOp:translate = (-0.18274632000000002, -5.14471102, 1.6042118898583986)
                uniform token[] xformOpOrder = ["xformOp:translate", "xformOp:orient", "xformOp:scale"]
            }

            def Xform "bathroom_product_0008" (
                prepend references = @./Meshes/bathroom_product_0008.usd@
            )
            {
                quatf xformOp:orient = (1, -0, 0, -0)
                float3 xformOp:scale = (1, 1, 1)
                double3 xformOp:translate = (-0.18274628, -5.17687302, 1.6744523059374763)
                uniform token[] xformOpOrder = ["xformOp:translate", "xformOp:orient", "xformOp:scale"]
            }

            def Xform "bathroom_product_0009" (
                prepend references = @./Meshes/bathroom_product_0009.usd@
            )
            {
                quatf xformOp:orient = (1, -0, 0, -0)
                float3 xformOp:scale = (1, 1, 1)
                double3 xformOp:translate = (-0.18274629, -5.09877651, 1.674108650891602)
                uniform token[] xformOpOrder = ["xformOp:translate", "xformOp:orient", "xformOp:scale"]
            }

            def Xform "bathroom_product_0010" (
                prepend references = @./Meshes/bathroom_product_0010.usd@
            )
            {
                quatf xformOp:orient = (1, -0, 0, -0)
                float3 xformOp:scale = (1, 1, 1)
                double3 xformOp:translate = (-0.18274621, -5.06661552, 1.6041008211328127)
                uniform token[] xformOpOrder = ["xformOp:translate", "xformOp:orient", "xformOp:scale"]
            }

            def Xform "bathroom_product_0011" (
                prepend references = @./Meshes/bathroom_product_0011.usd@
            )
            {
                quatf xformOp:orient = (1, -0, 0, -0)
                float3 xformOp:scale = (1, 1, 1)
                double3 xformOp:translate = (-0.31473317, -5.09395602, 0.9819559138075936)
                uniform token[] xformOpOrder = ["xformOp:translate", "xformOp:orient", "xformOp:scale"]
            }

            def Xform "bathroom_product_0012" (
                prepend references = @./Meshes/bathroom_product_0012.usd@
            )
            {
                quatf xformOp:orient = (1, -0, 0, -0)
                float3 xformOp:scale = (1, 1, 1)
                double3 xformOp:translate = (-0.32864932, -5.09781302, 0.9567999185375738)
                uniform token[] xformOpOrder = ["xformOp:translate", "xformOp:orient", "xformOp:scale"]
            }

            def Xform "bathroom_product_0013" (
                prepend references = @./Meshes/bathroom_product_0013.usd@
            )
            {
                quatf xformOp:orient = (1, -0, 0, -0)
                float3 xformOp:scale = (1, 1, 1)
                double3 xformOp:translate = (-0.33128632, -5.427590370000001, 1.1261711113361579)
                uniform token[] xformOpOrder = ["xformOp:translate", "xformOp:orient", "xformOp:scale"]
            }

            def Xform "bathroom_product_0014" (
                prepend references = @./Meshes/bathroom_product_0014.usd@
            )
            {
                quatf xformOp:orient = (1, -0, 0, -0)
                float3 xformOp:scale = (1, 1, 1)
                double3 xformOp:translate = (-0.47036606, -5.7181865300000005, 0.7392764187372811)
                uniform token[] xformOpOrder = ["xformOp:translate", "xformOp:orient", "xformOp:scale"]
            }

            def Xform "bathroom_product_0015" (
                prepend references = @./Meshes/bathroom_product_0015.usd@
            )
            {
                quatf xformOp:orient = (1, -0, 0, -0)
                float3 xformOp:scale = (1, 1, 1)
                double3 xformOp:translate = (-0.47036606, -5.71542102, 0.6691334185517341)
                uniform token[] xformOpOrder = ["xformOp:translate", "xformOp:orient", "xformOp:scale"]
            }

            def Xform "bathroom_product_0016" (
                prepend references = @./Meshes/bathroom_product_0016.usd@
            )
            {
                quatf xformOp:orient = (1, -0, 0, -0)
                float3 xformOp:scale = (1, 1, 1)
                double3 xformOp:translate = (-0.51726132, -5.72107203, 0.47337592130075756)
                uniform token[] xformOpOrder = ["xformOp:translate", "xformOp:orient", "xformOp:scale"]
            }

            def Xform "bathroom_product_0017" (
                prepend references = @./Meshes/bathroom_product_0017.usd@
            )
            {
                quatf xformOp:orient = (1, -0, 0, -0)
                float3 xformOp:scale = (1, 1, 1)
                double3 xformOp:translate = (-0.46514581, -5.72346453, 0.20563389444138275)
                uniform token[] xformOpOrder = ["xformOp:translate", "xformOp:orient", "xformOp:scale"]
            }

            def Xform "ornament_0037" (
                prepend references = @./Meshes/ornament_0037.usd@
            )
            {
                quatf xformOp:orient = (0.70710677, -0, 0, 0.70710677)
                float3 xformOp:scale = (0.58570004, 0.58570004, 0.58570004)
                double3 xformOp:translate = (-3.4458911310385987, -5.210849786225812, 0.6021321985842278)
                uniform token[] xformOpOrder = ["xformOp:translate", "xformOp:orient", "xformOp:scale"]
            }

            def Xform "ornament_0038" (
                prepend references = @./Meshes/ornament_0038.usd@
            )
            {
                quatf xformOp:orient = (0.70710677, -0, 0, 0.70710677)
                float3 xformOp:scale = (0.58570004, 0.58570004, 0.58570004)
                double3 xformOp:translate = (-3.3486448315261232, -5.2718805831968165, 0.6021140002259631)
                uniform token[] xformOpOrder = ["xformOp:translate", "xformOp:orient", "xformOp:scale"]
            }

            def Xform "ornament_0039" (
                prepend references = @./Meshes/ornament_0039.usd@
            )
            {
                quatf xformOp:orient = (0.70710677, -0, 0, 0.70710677)
                float3 xformOp:scale = (0.58570004, 0.58570004, 0.58570004)
                double3 xformOp:translate = (-3.3983040318378643, -5.042428205036092, 0.6903969712631732)
                uniform token[] xformOpOrder = ["xformOp:translate", "xformOp:orient", "xformOp:scale"]
            }

            def Xform "painting_0003" (
                prepend references = @./Meshes/painting_0003.usd@
            )
            {
                quatf xformOp:orient = (1, -0, 0, -0)
                float3 xformOp:scale = (1, 1, 1)
                double3 xformOp:translate = (-3.46, -5.5200000000000005, 1.2899995029599371)
                uniform token[] xformOpOrder = ["xformOp:translate", "xformOp:orient", "xformOp:scale"]
            }

            def Xform "vase_0002" (
                prepend references = @./Meshes/vase_0002.usd@
            )
            {
                quatf xformOp:orient = (0.70710677, -0, 0, 0.70710677)
                float3 xformOp:scale = (0.58570004, 0.58570004, 0.58570004)
                double3 xformOp:translate = (-3.3583695150630968, -5.984639253181075, 0.6422877530207073)
                uniform token[] xformOpOrder = ["xformOp:translate", "xformOp:orient", "xformOp:scale"]
            }

            def Xform "curtain_0000" (
                prepend references = @./Meshes/curtain_0000.usd@
            )
            {
                quatf xformOp:orient = (1.3315805e-7, -0, 0, 1)
                float3 xformOp:scale = (0.94983566, 0.9052775, 0.95244706)
                double3 xformOp:translate = (-2.6268950647799563, -6.250519596538534, 1.1598795100968342)
                uniform token[] xformOpOrder = ["xformOp:translate", "xformOp:orient", "xformOp:scale"]

                over "Meshes"
                {
                    over "curtain_0000"
                    {
                        over "mesh_0000"
                        {
                            over "SM_Clutter_0010_Part_0000_197" (
                                prepend apiSchemas = ["MaterialBindingAPI"]
                            )
                            {
                                custom rel material:binding = </Root/Meshes/balcony_879613/curtain_0000/Looks/Surface_01> (
                                    bindMaterialAs = "weakerThanDescendants"
                                )
                            }
                        }
                    }
                }

                over "Looks"
                {
                    def Material "Surface_01"
                    {
                        token outputs:mdl:displacement.connect = </Root/Meshes/balcony_879613/curtain_0000/Looks/Surface_01/Shader.outputs:out>
                        token outputs:mdl:surface.connect = </Root/Meshes/balcony_879613/curtain_0000/Looks/Surface_01/Shader.outputs:out>
                        token outputs:mdl:volume.connect = </Root/Meshes/balcony_879613/curtain_0000/Looks/Surface_01/Shader.outputs:out>

                        def Shader "Shader"
                        {
                            uniform token info:implementationSource = "sourceAsset"
                            uniform asset info:mdl:sourceAsset = @OmniSurface.mdl@
                            uniform token info:mdl:sourceAsset:subIdentifier = "OmniSurface"
                            bool inputs:enable_diffuse_transmission = 1
                            float inputs:specular_reflection_roughness = 1
                            float inputs:subsurface_weight = 0.03
                            token outputs:out (
                                renderType = "material"
                            )
                        }
                    }
                }
            }

            def Xform "curtain_0001" (
                prepend references = @./Meshes/curtain_0001.usd@
            )
            {
                quatf xformOp:orient = (1.3315805e-7, -0, 0, 1)
                float3 xformOp:scale = (0.94983566, 0.9052775, 0.95244706)
                double3 xformOp:translate = (-0.9467355019137773, -6.250520037333596, 1.160481715073245)
                uniform token[] xformOpOrder = ["xformOp:translate", "xformOp:orient", "xformOp:scale"]

                over "Meshes"
                {
                    over "curtain_0001"
                    {
                        over "mesh_0000"
                        {
                            over "SM_Clutter_0011_Part_0000_198" (
                                prepend apiSchemas = ["MaterialBindingAPI"]
                            )
                            {
                                custom rel material:binding = </Root/Meshes/balcony_879613/curtain_0000/Looks/Surface_01> (
                                    bindMaterialAs = "weakerThanDescendants"
                                )
                            }
                        }
                    }
                }
            }

            def Xform "curtain_0002" (
                prepend references = @./Meshes/curtain_0002.usd@
            )
            {
                quatf xformOp:orient = (1.3315805e-7, -0, 0, 1)
                float3 xformOp:scale = (0.94983566, 0.9052775, 0.95244706)
                double3 xformOp:translate = (-1.7379936317839637, -6.165550862074266, 1.3089860582963226)
                uniform token[] xformOpOrder = ["xformOp:translate", "xformOp:orient", "xformOp:scale"]
            }

            def Xform "storage_0002" (
                prepend references = @./Meshes/storage_0002.usd@
            )
            {
                quatf xformOp:orient = (1, -0, 0, -0)
                float3 xformOp:scale = (1, 1, 1)
                double3 xformOp:translate = (-0.32029232, -5.43173412, 1.0463175056595462)
                uniform token[] xformOpOrder = ["xformOp:translate", "xformOp:orient", "xformOp:scale"]
            }

            def Xform "washing_machine_0000" (
                prepend references = @./Meshes/washing_machine_0000.usd@
            )
            {
                quatf xformOp:orient = (1, -0, 0, -0)
                float3 xformOp:scale = (1, 1, 1)
                double3 xformOp:translate = (-0.33042782000000004, -5.28661952, 0.4415274260419685)
                uniform token[] xformOpOrder = ["xformOp:translate", "xformOp:orient", "xformOp:scale"]
            }
        }

        def Scope "livingroom_661"
        {
            def Xform "cabinet_0009" (
                prepend references = @./Meshes/cabinet_0009.usd@
            )
            {
                quatf xformOp:orient = (0.70710695, -0, 0, 0.7071066)
                float3 xformOp:scale = (1, 0.8202001, 0.79010004)
                double3 xformOp:translate = (-3.266699794115653, -2.4088809814364756, 0.27795630775588354)
                uniform token[] xformOpOrder = ["xformOp:translate", "xformOp:orient", "xformOp:scale"]
            }

            def Xform "cabinet_0013" (
                prepend references = @./Meshes/cabinet_0013.usd@
            )
            {
                quatf xformOp:orient = (0.70710677, -0, 0, 0.70710677)
                float3 xformOp:scale = (0.71610004, 0.77430004, 2.1553)
                double3 xformOp:translate = (-1.0914376142339324, 2.9075771228332634, 0.649998922349983)
                uniform token[] xformOpOrder = ["xformOp:translate", "xformOp:orient", "xformOp:scale"]
            }

            def Xform "chair_0000" (
                prepend references = @./Meshes/chair_0000.usd@
            )
            {
                quatf xformOp:orient = (6.123234e-17, -0, 0, -1)
                float3 xformOp:scale = (1, 1, 1)
                double3 xformOp:translate = (-3.10572730235969, 1.2644801483119215, 0.39094091847892287)
                uniform token[] xformOpOrder = ["xformOp:translate", "xformOp:orient", "xformOp:scale"]
            }

            def Xform "chair_0001" (
                prepend references = @./Meshes/chair_0001.usd@
            )
            {
                quatf xformOp:orient = (1, -0, 0, -0)
                float3 xformOp:scale = (1, 1, 1)
                double3 xformOp:translate = (-3.11172631092156, 2.9024131622349536, 0.39094091847892287)
                uniform token[] xformOpOrder = ["xformOp:translate", "xformOp:orient", "xformOp:scale"]
            }

            def Xform "chair_0002" (
                prepend references = @./Meshes/chair_0002.usd@
            )
            {
                quatf xformOp:orient = (1, -0, 0, -0)
                float3 xformOp:scale = (1, 1, 1)
                double3 xformOp:translate = (-2.31975853748406, 2.8904136505162037, 0.39094091847892287)
                uniform token[] xformOpOrder = ["xformOp:translate", "xformOp:orient", "xformOp:scale"]
            }

            def Xform "chair_0003" (
                prepend references = @./Meshes/chair_0003.usd@
            )
            {
                quatf xformOp:orient = (6.123234e-17, -0, 0, -1)
                float3 xformOp:scale = (1, 1, 1)
                double3 xformOp:translate = (-2.259761726187815, 1.2284816131556715, 0.39094091847892287)
                uniform token[] xformOpOrder = ["xformOp:translate", "xformOp:orient", "xformOp:scale"]
            }

            def Xform "television_0000" (
                prepend references = @./Meshes/television_0000.usd@
            )
            {
                quatf xformOp:orient = (0.70710695, -0, 0, 0.7071066)
                float3 xformOp:scale = (1.1474, 1.1474, 1.1474)
                double3 xformOp:translate = (-3.4825298824632296, -2.351194407889071, 1.1743210946353453)
                uniform token[] xformOpOrder = ["xformOp:translate", "xformOp:orient", "xformOp:scale"]
            }

            def Xform "sofa_0001" (
                prepend references = @./Meshes/sofa_0001.usd@
            )
            {
                quatf xformOp:orient = (0.7071068, -0, 0, -0.7071067)
                float3 xformOp:scale = (1, 1, 1)
                double3 xformOp:translate = (-0.4743744734722869, -2.42171035574378, 0.4145478765385491)
                uniform token[] xformOpOrder = ["xformOp:translate", "xformOp:orient", "xformOp:scale"]

                over "Meshes"
                {
                    over "sofa_0001" (
                        active = false
                    )
                    {
                    }
                }
            }

            def Xform "cup_0000" (
                prepend references = @./Meshes/cup_0000.usd@
            )
            {
                quatf xformOp:orient = (0.7730128, -0, 0, 0.6343904)
                float3 xformOp:scale = (0.8218883, 0.6461876, 1.452962)
                double3 xformOp:translate = (-3.236702469668198, -1.4249172558310903, 0.6061452875567013)
                uniform token[] xformOpOrder = ["xformOp:translate", "xformOp:orient", "xformOp:scale"]
            }

            def Xform "cup_0001" (
                prepend references = @./Meshes/cup_0001.usd@
            )
            {
                quatf xformOp:orient = (1, -0, 0, -0)
                float3 xformOp:scale = (1.0226066, 1.0083797, 1.163325)
                double3 xformOp:translate = (-2.926723823361626, 1.9594982625451347, 0.8609539268230709)
                uniform token[] xformOpOrder = ["xformOp:translate", "xformOp:orient", "xformOp:scale"]
            }

            def Xform "cup_0002" (
                prepend references = @./Meshes/cup_0002.usd@
            )
            {
                quatf xformOp:orient = (1, -0, 0, -0)
                float3 xformOp:scale = (1.0226066, 1.0083797, 1.163325)
                double3 xformOp:translate = (-3.024239247889043, 1.9736913240416227, 0.860841160848312)
                uniform token[] xformOpOrder = ["xformOp:translate", "xformOp:orient", "xformOp:scale"]
            }

            def Xform "cup_0003" (
                prepend references = @./Meshes/cup_0003.usd@
            )
            {
                quatf xformOp:orient = (1, -0, 0, -0)
                float3 xformOp:scale = (1.0226066, 1.0083797, 1.163325)
                double3 xformOp:translate = (-3.0646609583628424, 1.9006204866172387, 0.8602813135647072)
                uniform token[] xformOpOrder = ["xformOp:translate", "xformOp:orient", "xformOp:scale"]
            }

            def Xform "plate_0000" (
                prepend references = @./Meshes/plate_0000.usd@
            )
            {
                quatf xformOp:orient = (0.7730128, -0, 0, 0.6343904)
                float3 xformOp:scale = (0.8218883, 0.6461876, 1.452962)
                double3 xformOp:translate = (-3.2373837576330793, -1.4289395616290095, 0.5695837917349591)
                uniform token[] xformOpOrder = ["xformOp:translate", "xformOp:orient", "xformOp:scale"]
            }

            def Xform "spoon_0000" (
                prepend references = @./Meshes/spoon_0000.usd@
            )
            {
                quatf xformOp:orient = (0.7730128, -0, 0, 0.6343904)
                float3 xformOp:scale = (0.8218883, 0.6461876, 1.452962)
                double3 xformOp:translate = (-3.2409938460520884, -1.3906306509221347, 0.5800504488821326)
                uniform token[] xformOpOrder = ["xformOp:translate", "xformOp:orient", "xformOp:scale"]
            }

            def Xform "ornament_0000" (
                prepend references = @./Meshes/ornament_0000.usd@
            )
            {
                quatf xformOp:orient = (0.70710677, -0, 0, 0.70710677)
                float3 xformOp:scale = (0.9545727, 0.9191018, 1.085951)
                double3 xformOp:translate = (-3.2415124413767225, -3.2402394005948056, 0.6256746995526167)
                uniform token[] xformOpOrder = ["xformOp:translate", "xformOp:orient", "xformOp:scale"]
            }

            def Xform "ornament_0001" (
                prepend references = @./Meshes/ornament_0001.usd@
            )
            {
                quatf xformOp:orient = (1, -0, 0, -0)
                float3 xformOp:scale = (1.0226066, 1.0083797, 1.163325)
                double3 xformOp:translate = (-2.494640021416341, 2.1261869538760942, 0.9532542023690451)
                uniform token[] xformOpOrder = ["xformOp:translate", "xformOp:orient", "xformOp:scale"]
            }

            def Xform "ornament_0002" (
                prepend references = @./Meshes/ornament_0002.usd@
            )
            {
                quatf xformOp:orient = (1, -0, 0, -0)
                float3 xformOp:scale = (1.0143305, 1.41188, 1.3460709)
                double3 xformOp:translate = (-1.0086233165458407, 2.5730969965536103, 1.3501938819970751)
                uniform token[] xformOpOrder = ["xformOp:translate", "xformOp:orient", "xformOp:scale"]
            }

            def Xform "ornament_0003" (
                prepend references = @./Meshes/ornament_0003.usd@
            )
            {
                quatf xformOp:orient = (1, -0, 0, -0)
                float3 xformOp:scale = (1.0143305, 1.41188, 1.3460709)
                double3 xformOp:translate = (-1.160711981731077, 2.6236589897020064, 1.36566056644718)
                uniform token[] xformOpOrder = ["xformOp:translate", "xformOp:orient", "xformOp:scale"]
            }

            def Xform "book_0000" (
                prepend references = @./Meshes/book_0000.usd@
            )
            {
                quatf xformOp:orient = (0.70710677, -0, 0, 0.70710677)
                float3 xformOp:scale = (0.9545727, 0.9191018, 1.085951)
                double3 xformOp:translate = (-3.245635330724762, -3.234604801966185, 0.5697553889773916)
                uniform token[] xformOpOrder = ["xformOp:translate", "xformOp:orient", "xformOp:scale"]
            }

            def Xform "chandelier_0000" (
                prepend references = @./Meshes/chandelier_0000.usd@
            )
            {
                quatf xformOp:orient = (1, -0, 0, -0)
                float3 xformOp:scale = (0.6973214, 0.9484185, 0.90579915)
                double3 xformOp:translate = (-2.5386670123176875, 2.117839167352482, 1.9415934296865414)
                uniform token[] xformOpOrder = ["xformOp:translate", "xformOp:orient", "xformOp:scale"]
            }

            def Xform "painting_0000" (
                prepend references = @./Meshes/painting_0000.usd@
            )
            {
                quatf xformOp:orient = (0.7071068, -0, 0, -0.7071067)
                float3 xformOp:scale = (1.3743776, 1.2960923, 1.3638053)
                double3 xformOp:translate = (-0.03267945225404624, -1.8725070160157151, 1.741546747482814)
                uniform token[] xformOpOrder = ["xformOp:translate", "xformOp:orient", "xformOp:scale"]
            }

            def Xform "tea_set_0000" (
                prepend references = @./Meshes/tea_set_0000.usd@
            )
            {
                quatf xformOp:orient = (1, -0, 0, -0)
                float3 xformOp:scale = (1.0226066, 1.0083797, 1.163325)
                double3 xformOp:translate = (-2.9577517209374857, 1.881517506959705, 0.9008257328926313)
                uniform token[] xformOpOrder = ["xformOp:translate", "xformOp:orient", "xformOp:scale"]
            }

            def Xform "vase_0000" (
                prepend references = @./Meshes/vase_0000.usd@
            )
            {
                quatf xformOp:orient = (1, -0, 0, -0)
                float3 xformOp:scale = (1.0226066, 1.0083797, 1.163325)
                double3 xformOp:translate = (-2.319670066099363, 2.1304562749229117, 0.896148509622165)
                uniform token[] xformOpOrder = ["xformOp:translate", "xformOp:orient", "xformOp:scale"]
            }

            def Xform "dining_table_0000" (
                prepend references = @./Meshes/dining_table_0000.usd@
            )
            {
                quatf xformOp:orient = (1, -0, 0, -0)
                float3 xformOp:scale = (1.0226066, 1.0083797, 1.163325)
                double3 xformOp:translate = (-2.706706802665244, 2.125504711513765, 0.4213483209712438)
                uniform token[] xformOpOrder = ["xformOp:translate", "xformOp:orient", "xformOp:scale"]
            }
        }

        def Scope "bathroom_320"
        {
            def Xform "cabinet_0010" (
                prepend references = @./Meshes/cabinet_0010.usd@
            )
            {
                quatf xformOp:orient = (1.3315805e-7, -0, 0, 1)
                float3 xformOp:scale = (0.85208666, 0.91773283, 0.99880755)
                double3 xformOp:translate = (-5.174072870065527, -0.6097562212518755, 0.42449222506675743)
                uniform token[] xformOpOrder = ["xformOp:translate", "xformOp:orient", "xformOp:scale"]
            }

            def Xform "bathroom_product_0001" (
                prepend references = @./Meshes/bathroom_product_0001.usd@
            )
            {
                quatf xformOp:orient = (6.123234e-17, -0, 0, -1)
                float3 xformOp:scale = (1, 1, 1)
                double3 xformOp:translate = (-7.299099220132072, -0.582199767903162, 1.5820481444355905)
                uniform token[] xformOpOrder = ["xformOp:translate", "xformOp:orient", "xformOp:scale"]
            }

            def Xform "bathroom_product_0002" (
                prepend references = @./Meshes/bathroom_product_0002.usd@
            )
            {
                quatf xformOp:orient = (0.70710677, -0, 0, 0.70710677)
                float3 xformOp:scale = (-1.0979, 1, 0.8458)
                double3 xformOp:translate = (-6.828080091428368, 0.045211906015119895, 1.0149994950940329)
                uniform token[] xformOpOrder = ["xformOp:translate", "xformOp:orient", "xformOp:scale"]
            }

            def Xform "bathroom_product_0003" (
                prepend references = @./Meshes/bathroom_product_0003.usd@
            )
            {
                quatf xformOp:orient = (1.3315805e-7, -0, 0, 1)
                float3 xformOp:scale = (0.85208666, 0.91773283, 0.99880755)
                double3 xformOp:translate = (-5.174071992191072, -0.7455631566562185, 0.9901169229941893)
                uniform token[] xformOpOrder = ["xformOp:translate", "xformOp:orient", "xformOp:scale"]
            }

            def Xform "basin_0001" (
                prepend references = @./Meshes/basin_0001.usd@
            )
            {
                quatf xformOp:orient = (1.3315805e-7, -0, 0, 1)
                float3 xformOp:scale = (0.85208666, 0.91773283, 0.99880755)
                double3 xformOp:translate = (-5.174004280607104, -0.5874384724931944, 0.9157917275499647)
                uniform token[] xformOpOrder = ["xformOp:translate", "xformOp:orient", "xformOp:scale"]
            }

            def Xform "daily_equipment_0000" (
                prepend references = @./Meshes/daily_equipment_0000.usd@
            )
            {
                quatf xformOp:orient = (0.70710677, -0, 0, 0.70710677)
                float3 xformOp:scale = (-1.0979, 1, 0.8458)
                double3 xformOp:translate = (-6.773286456060149, 0.41303252719838585, 0.7488799686000467)
                uniform token[] xformOpOrder = ["xformOp:translate", "xformOp:orient", "xformOp:scale"]
            }

            def Xform "closestool_0000" (
                prepend references = @./Meshes/closestool_0000.usd@
            )
            {
                quatf xformOp:orient = (1.3315805e-7, -0, 0, 1)
                float3 xformOp:scale = (1.0623803, 1.0317802, 0.89858484)
                double3 xformOp:translate = (-6.315672109940627, -0.5566798339268926, 0.16233315696646738)
                uniform token[] xformOpOrder = ["xformOp:translate", "xformOp:orient", "xformOp:scale"]
            }

            def Xform "mirror_0000" (
                prepend references = @./Meshes/mirror_0000.usd@
            )
            {
                quatf xformOp:orient = (1.3315805e-7, -0, 0, 1)
                float3 xformOp:scale = (0.85208666, 0.91773283, 0.99880755)
                double3 xformOp:translate = (-5.172994370104688, -0.8103525020736724, 1.6453434036688592)
                uniform token[] xformOpOrder = ["xformOp:translate", "xformOp:orient", "xformOp:scale"]
            }

            def Xform "ceiling_light_0001" (
                prepend references = @./Meshes/ceiling_light_0001.usd@
            )
            {
                quatf xformOp:orient = (1, -0, 0, -0)
                float3 xformOp:scale = (10, 10, 10)
                double3 xformOp:translate = (-5.79, 0.1500000000000003, 2.389869102478027)
                uniform token[] xformOpOrder = ["xformOp:translate", "xformOp:orient", "xformOp:scale"]
            }
        }

        def Scope "bedroom_142"
        {
            def Xform "cabinet_0011" (
                prepend references = @./Meshes/cabinet_0011.usd@
            )
            {
                quatf xformOp:orient = (1, -0, 0, -0)
                float3 xformOp:scale = (-1.346507, 0.9413488, 1.0833333)
                double3 xformOp:translate = (-6.084099360922892, -1.2137655688661197, 1.2999994278188833)
                uniform token[] xformOpOrder = ["xformOp:translate", "xformOp:orient", "xformOp:scale"]
            }

            def Xform "cabinet_0012" (
                prepend references = @./Meshes/cabinet_0012.usd@
            )
            {
                quatf xformOp:orient = (0.70710677, -0, 0, 0.70710677)
                float3 xformOp:scale = (0.8944, 0.8944, 0.8944)
                double3 xformOp:translate = (-7.5022431655292365, -1.9300898129785924, 0.26717087572808623)
                uniform token[] xformOpOrder = ["xformOp:translate", "xformOp:orient", "xformOp:scale"]
            }

            def Xform "cabinet_0017" (
                prepend references = @./Meshes/cabinet_0017.usd@
            )
            {
                quatf xformOp:orient = (0.70710677, -0, 0, 0.70710677)
                float3 xformOp:scale = (0.8944, 0.8944, 0.8944)
                double3 xformOp:translate = (-7.492243170000001, -4.34008981, 0.26717086531984535)
                uniform token[] xformOpOrder = ["xformOp:translate", "xformOp:orient", "xformOp:scale"]
            }

            def Xform "cabinet_0018" (
                prepend references = @./Meshes/cabinet_0018.usd@
            )
            {
                quatf xformOp:orient = (1, -0, 0, -0)
                float3 xformOp:scale = (1, 1, 1)
                double3 xformOp:translate = (-3.96100175, -3.27, 0.21187651094138252)
                uniform token[] xformOpOrder = ["xformOp:translate", "xformOp:orient", "xformOp:scale"]
            }

            def Xform "television_0001" (
                prepend references = @./Meshes/television_0001.usd@
            )
            {
                quatf xformOp:orient = (0.7071066, -0, 0, -0.707107)
                float3 xformOp:scale = (1.1474, 1.1474, 1.1474)
                double3 xformOp:translate = (-3.74252988, -3.32119441, 1.344321069689573)
                uniform token[] xformOpOrder = ["xformOp:translate", "xformOp:orient", "xformOp:scale"]
            }

            def Xform "cup_0004" (
                prepend references = @./Meshes/cup_0004.usd@
            )
            {
                quatf xformOp:orient = (1, -0, 0, -0)
                float3 xformOp:scale = (1, 1, 1)
                double3 xformOp:translate = (-3.9844035100000004, -2.70542551, 0.50579150296482)
                uniform token[] xformOpOrder = ["xformOp:translate", "xformOp:orient", "xformOp:scale"]
            }

            def Xform "ornament_0004" (
                prepend references = @./Meshes/ornament_0004.usd@
            )
            {
                quatf xformOp:orient = (1, -0, 0, -0)
                float3 xformOp:scale = (-1.346507, 0.9413488, 1.0833333)
                double3 xformOp:translate = (-7.417002578886111, -1.3743844497042788, 1.4711191896006308)
                uniform token[] xformOpOrder = ["xformOp:translate", "xformOp:orient", "xformOp:scale"]
            }

            def Xform "ornament_0005" (
                prepend references = @./Meshes/ornament_0005.usd@
            )
            {
                quatf xformOp:orient = (1, -0, 0, -0)
                float3 xformOp:scale = (-1.346507, 0.9413488, 1.0833333)
                double3 xformOp:translate = (-7.4170093132993635, -1.3804646301269532, 1.3084404678548243)
                uniform token[] xformOpOrder = ["xformOp:translate", "xformOp:orient", "xformOp:scale"]
            }

            def Xform "ornament_0006" (
                prepend references = @./Meshes/ornament_0006.usd@
            )
            {
                quatf xformOp:orient = (1, -0, 0, -0)
                float3 xformOp:scale = (-1.346507, 0.9413488, 1.0833333)
                double3 xformOp:translate = (-7.350332672574628, -1.582987543860702, 2.132592151154282)
                uniform token[] xformOpOrder = ["xformOp:translate", "xformOp:orient", "xformOp:scale"]
            }

            def Xform "ornament_0007" (
                prepend references = @./Meshes/ornament_0007.usd@
            )
            {
                quatf xformOp:orient = (1, -0, 0, -0)
                float3 xformOp:scale = (-1.346507, 0.9413488, 1.0833333)
                double3 xformOp:translate = (-7.583367580026868, -1.5542957086194815, 2.091828232083595)
                uniform token[] xformOpOrder = ["xformOp:translate", "xformOp:orient", "xformOp:scale"]
            }

            def Xform "ornament_0008" (
                prepend references = @./Meshes/ornament_0008.usd@
            )
            {
                quatf xformOp:orient = (1, -0, 0, -0)
                float3 xformOp:scale = (-1.346507, 0.9413488, 1.0833333)
                double3 xformOp:translate = (-7.445972644645901, -1.4017522657795514, 0.9772127199974948)
                uniform token[] xformOpOrder = ["xformOp:translate", "xformOp:orient", "xformOp:scale"]
            }

            def Xform "ornament_0034" (
                prepend references = @./Meshes/ornament_0034.usd@
            )
            {
                quatf xformOp:orient = (0.70710677, -0, 0, 0.70710677)
                float3 xformOp:scale = (0.8944, 0.8944, 0.8944)
                double3 xformOp:translate = (-7.561367576598924, -1.9888543320637404, 0.13955970002057827)
                uniform token[] xformOpOrder = ["xformOp:translate", "xformOp:orient", "xformOp:scale"]
            }

            def Xform "ornament_0035" (
                prepend references = @./Meshes/ornament_0035.usd@
            )
            {
                quatf xformOp:orient = (0.70710677, -0, 0, 0.70710677)
                float3 xformOp:scale = (0.8944, 0.8944, 0.8944)
                double3 xformOp:translate = (-7.4716374812775666, -1.896156627050673, 0.17829631874841653)
                uniform token[] xformOpOrder = ["xformOp:translate", "xformOp:orient", "xformOp:scale"]
            }

            def Xform "ornament_0036" (
                prepend references = @./Meshes/ornament_0036.usd@
            )
            {
                quatf xformOp:orient = (0.70710677, -0, 0, 0.70710677)
                float3 xformOp:scale = (0.8944, 0.8944, 0.8944)
                double3 xformOp:translate = (-7.524439892813241, -1.850223792034677, 0.5892071545351103)
                uniform token[] xformOpOrder = ["xformOp:translate", "xformOp:orient", "xformOp:scale"]
            }

            def Xform "book_0001" (
                prepend references = @./Meshes/book_0001.usd@
            )
            {
                quatf xformOp:orient = (1, -0, 0, -0)
                float3 xformOp:scale = (-1.346507, 0.9413488, 1.0833333)
                double3 xformOp:translate = (-7.431552424662165, -1.378212307741422, 0.48746221415177377)
                uniform token[] xformOpOrder = ["xformOp:translate", "xformOp:orient", "xformOp:scale"]
            }

            def Xform "book_0002" (
                prepend references = @./Meshes/book_0002.usd@
            )
            {
                quatf xformOp:orient = (1, -0, 0, -0)
                float3 xformOp:scale = (-1.346507, 0.9413488, 1.0833333)
                double3 xformOp:translate = (-7.428094042469224, -1.3547776612616758, 1.6551750809180454)
                uniform token[] xformOpOrder = ["xformOp:translate", "xformOp:orient", "xformOp:scale"]
            }

            def Xform "book_0003" (
                prepend references = @./Meshes/book_0003.usd@
            )
            {
                quatf xformOp:orient = (1, -0, 0, -0)
                float3 xformOp:scale = (-1.346507, 0.9413488, 1.0833333)
                double3 xformOp:translate = (-7.437538637956898, -1.3537996581429672, 1.6898775068973604)
                uniform token[] xformOpOrder = ["xformOp:translate", "xformOp:orient", "xformOp:scale"]
            }

            def Xform "book_0004" (
                prepend references = @./Meshes/book_0004.usd@
            )
            {
                quatf xformOp:orient = (1, -0, 0, -0)
                float3 xformOp:scale = (-1.346507, 0.9413488, 1.0833333)
                double3 xformOp:translate = (-7.408890861904156, -1.3766531769998427, 1.6776580361213518)
                uniform token[] xformOpOrder = ["xformOp:translate", "xformOp:orient", "xformOp:scale"]
            }

            def Xform "book_0005" (
                prepend references = @./Meshes/book_0005.usd@
            )
            {
                quatf xformOp:orient = (1, -0, 0, -0)
                float3 xformOp:scale = (-1.346507, 0.9413488, 1.0833333)
                double3 xformOp:translate = (-7.427318803527556, -1.329240300527366, 1.6323568471130432)
                uniform token[] xformOpOrder = ["xformOp:translate", "xformOp:orient", "xformOp:scale"]
            }

            def Xform "book_0006" (
                prepend references = @./Meshes/book_0006.usd@
            )
            {
                quatf xformOp:orient = (1, -0, 0, -0)
                float3 xformOp:scale = (-1.346507, 0.9413488, 1.0833333)
                double3 xformOp:translate = (-7.413344566436621, -1.3687143242630806, 1.6664759797758393)
                uniform token[] xformOpOrder = ["xformOp:translate", "xformOp:orient", "xformOp:scale"]
            }

            def Xform "book_0007" (
                prepend references = @./Meshes/book_0007.usd@
            )
            {
                quatf xformOp:orient = (1, -0, 0, -0)
                float3 xformOp:scale = (-1.346507, 0.9413488, 1.0833333)
                double3 xformOp:translate = (-7.426357392176509, -1.3692768539886333, 1.6437660679239825)
                uniform token[] xformOpOrder = ["xformOp:translate", "xformOp:orient", "xformOp:scale"]
            }

            def Xform "book_0008" (
                prepend references = @./Meshes/book_0008.usd@
            )
            {
                quatf xformOp:orient = (1, -0, 0, -0)
                float3 xformOp:scale = (-1.346507, 0.9413488, 1.0833333)
                double3 xformOp:translate = (-7.53779498276903, -1.412216655535777, 0.16184034031153782)
                uniform token[] xformOpOrder = ["xformOp:translate", "xformOp:orient", "xformOp:scale"]
            }

            def Xform "book_0009" (
                prepend references = @./Meshes/book_0009.usd@
            )
            {
                quatf xformOp:orient = (1, -0, 0, -0)
                float3 xformOp:scale = (-1.346507, 0.9413488, 1.0833333)
                double3 xformOp:translate = (-7.457845692557421, -1.4083722612114418, 0.16653819976297835)
                uniform token[] xformOpOrder = ["xformOp:translate", "xformOp:orient", "xformOp:scale"]
            }

            def Xform "book_0010" (
                prepend references = @./Meshes/book_0010.usd@
            )
            {
                quatf xformOp:orient = (1, -0, 0, -0)
                float3 xformOp:scale = (-1.346507, 0.9413488, 1.0833333)
                double3 xformOp:translate = (-7.633645654333478, -1.4045004229191562, 0.18152979311360046)
                uniform token[] xformOpOrder = ["xformOp:translate", "xformOp:orient", "xformOp:scale"]
            }

            def Xform "book_0011" (
                prepend references = @./Meshes/book_0011.usd@
            )
            {
                quatf xformOp:orient = (1, -0, 0, -0)
                float3 xformOp:scale = (-1.346507, 0.9413488, 1.0833333)
                double3 xformOp:translate = (-7.384261096572836, -1.4065137181806535, 0.1578206278664312)
                uniform token[] xformOpOrder = ["xformOp:translate", "xformOp:orient", "xformOp:scale"]
            }

            def Xform "book_0012" (
                prepend references = @./Meshes/book_0012.usd@
            )
            {
                quatf xformOp:orient = (1, -0, 0, -0)
                float3 xformOp:scale = (-1.346507, 0.9413488, 1.0833333)
                double3 xformOp:translate = (-7.412271760756269, -1.4130919327487221, 0.15436641440835963)
                uniform token[] xformOpOrder = ["xformOp:translate", "xformOp:orient", "xformOp:scale"]
            }

            def Xform "book_0013" (
                prepend references = @./Meshes/book_0013.usd@
            )
            {
                quatf xformOp:orient = (1, -0, 0, -0)
                float3 xformOp:scale = (-1.346507, 0.9413488, 1.0833333)
                double3 xformOp:translate = (-7.493663141300154, -1.4095839494760247, 0.16463591575935135)
                uniform token[] xformOpOrder = ["xformOp:translate", "xformOp:orient", "xformOp:scale"]
            }

            def Xform "book_0014" (
                prepend references = @./Meshes/book_0014.usd@
            )
            {
                quatf xformOp:orient = (1, -0, 0, -0)
                float3 xformOp:scale = (-1.346507, 0.9413488, 1.0833333)
                double3 xformOp:translate = (-7.435403542048454, -1.4148551861482577, 0.15515236887151712)
                uniform token[] xformOpOrder = ["xformOp:translate", "xformOp:orient", "xformOp:scale"]
            }

            def Xform "book_0015" (
                prepend references = @./Meshes/book_0015.usd@
            )
            {
                quatf xformOp:orient = (1, -0, 0, -0)
                float3 xformOp:scale = (-1.346507, 0.9413488, 1.0833333)
                double3 xformOp:translate = (-7.581132359365961, -1.407818865738821, 0.18435069433494417)
                uniform token[] xformOpOrder = ["xformOp:translate", "xformOp:orient", "xformOp:scale"]
            }

            def Xform "book_0016" (
                prepend references = @./Meshes/book_0016.usd@
            )
            {
                quatf xformOp:orient = (0.70710677, -0, 0, 0.70710677)
                float3 xformOp:scale = (0.8944, 0.8944, 0.8944)
                double3 xformOp:translate = (-7.524565086435013, -1.8564939617983436, 0.49579049578131557)
                uniform token[] xformOpOrder = ["xformOp:translate", "xformOp:orient", "xformOp:scale"]
            }

            def Xform "book_0017" (
                prepend references = @./Meshes/book_0017.usd@
            )
            {
                quatf xformOp:orient = (0.70710677, -0, 0, 0.70710677)
                float3 xformOp:scale = (0.8944, 0.8944, 0.8944)
                double3 xformOp:translate = (-7.524564984991781, -1.8562223531740683, 0.47061934996130245)
                uniform token[] xformOpOrder = ["xformOp:translate", "xformOp:orient", "xformOp:scale"]
            }

            def Xform "book_0018" (
                prepend references = @./Meshes/book_0018.usd@
            )
            {
                quatf xformOp:orient = (0.70710677, -0, 0, 0.70710677)
                float3 xformOp:scale = (0.8944, 0.8944, 0.8944)
                double3 xformOp:translate = (-7.486069778251436, -1.9375822467955715, 0.13771611751277435)
                uniform token[] xformOpOrder = ["xformOp:translate", "xformOp:orient", "xformOp:scale"]
            }

            def Xform "book_0019" (
                prepend references = @./Meshes/book_0019.usd@
            )
            {
                quatf xformOp:orient = (0.70710677, -0, 0, 0.70710677)
                float3 xformOp:scale = (0.8944, 0.8944, 0.8944)
                double3 xformOp:translate = (-7.466607317328794, -1.977929498823123, 0.10931661065105729)
                uniform token[] xformOpOrder = ["xformOp:translate", "xformOp:orient", "xformOp:scale"]
            }

            def Xform "book_0020" (
                prepend references = @./Meshes/book_0020.usd@
            )
            {
                quatf xformOp:orient = (0.90630776, -0, 0, 0.42261827)
                float3 xformOp:scale = (0.8944, 0.8944, 0.8944)
                double3 xformOp:translate = (-7.524739651805308, -4.356430344626448, 0.4957904990994787)
                uniform token[] xformOpOrder = ["xformOp:translate", "xformOp:orient", "xformOp:scale"]
            }

            def Xform "book_0021" (
                prepend references = @./Meshes/book_0021.usd@
            )
            {
                quatf xformOp:orient = (0.90630776, -0, 0, 0.42261827)
                float3 xformOp:scale = (0.8944, 0.8944, 0.8944)
                double3 xformOp:translate = (-7.52456498, -4.35622235, 0.47061935079255895)
                uniform token[] xformOpOrder = ["xformOp:translate", "xformOp:orient", "xformOp:scale"]
            }

            def Xform "book_0022" (
                prepend references = @./Meshes/book_0022.usd@
            )
            {
                quatf xformOp:orient = (1, -0, 0, -0)
                float3 xformOp:scale = (1, 1, 1)
                double3 xformOp:translate = (-4.0287875, -3.58414501, 0.17418350881931227)
                uniform token[] xformOpOrder = ["xformOp:translate", "xformOp:orient", "xformOp:scale"]
            }

            def Xform "book_0023" (
                prepend references = @./Meshes/book_0023.usd@
            )
            {
                quatf xformOp:orient = (1, -0, 0, -0)
                float3 xformOp:scale = (1, 1, 1)
                double3 xformOp:translate = (-4.0237815, -3.5879055, 0.1536574906073982)
                uniform token[] xformOpOrder = ["xformOp:translate", "xformOp:orient", "xformOp:scale"]
            }

            def Xform "chandelier_0002" (
                prepend references = @./Meshes/chandelier_0002.usd@
            )
            {
                quatf xformOp:orient = (1, -0, 0, -0)
                float3 xformOp:scale = (0.99515164, 0.94956636, 0.99751306)
                double3 xformOp:translate = (-5.6296466517377395, -3.0537320402378056, 1.9021913123698038)
                uniform token[] xformOpOrder = ["xformOp:translate", "xformOp:orient", "xformOp:scale"]
            }

            def Xform "painting_0001" (
                prepend references = @./Meshes/painting_0001.usd@
            )
            {
                quatf xformOp:orient = (0.70710677, -0, 0, 0.70710677)
                float3 xformOp:scale = (1.086071, 0.945991, 1.0817541)
                double3 xformOp:translate = (-7.690201807738138, -3.438594364281653, 1.788208992265052)
                uniform token[] xformOpOrder = ["xformOp:translate", "xformOp:orient", "xformOp:scale"]
            }

            def Xform "painting_0002" (
                prepend references = @./Meshes/painting_0002.usd@
            )
            {
                quatf xformOp:orient = (0.70710677, -0, 0, 0.70710677)
                float3 xformOp:scale = (1.086071, 0.945991, 1.0817541)
                double3 xformOp:translate = (-7.690201807738138, -2.5990768471918093, 1.788208992265052)
                uniform token[] xformOpOrder = ["xformOp:translate", "xformOp:orient", "xformOp:scale"]
            }

            def Xform "vase_0001" (
                prepend references = @./Meshes/vase_0001.usd@
            )
            {
                quatf xformOp:orient = (0.70710677, -0, 0, 0.70710677)
                float3 xformOp:scale = (0.8944, 0.8944, 0.8944)
                double3 xformOp:translate = (-7.496859741210938, -2.04470666390076, 0.5271131504332873)
                uniform token[] xformOpOrder = ["xformOp:translate", "xformOp:orient", "xformOp:scale"]
            }

            def Xform "curtain_0003" (
                prepend references = @./Meshes/curtain_0003.usd@
            )
            {
                quatf xformOp:orient = (1.3315805e-7, -0, 0, 1)
                float3 xformOp:scale = (1.3327007, 0.78569186, 1.0445675)
                double3 xformOp:translate = (-4.532135024154713, -4.453185133666094, 1.3681611345391673)
                uniform token[] xformOpOrder = ["xformOp:translate", "xformOp:orient", "xformOp:scale"]
            }

            def Xform "curtain_0004" (
                prepend references = @./Meshes/curtain_0004.usd@
            )
            {
                quatf xformOp:orient = (1.3315805e-7, -0, 0, 1)
                float3 xformOp:scale = (1.3327007, 0.78569186, 1.0445675)
                double3 xformOp:translate = (-6.858995715080359, -4.453182049435725, 1.3694798829890715)
                uniform token[] xformOpOrder = ["xformOp:translate", "xformOp:orient", "xformOp:scale"]
            }

            def Xform "storage_0000" (
                prepend references = @./Meshes/storage_0000.usd@
            )
            {
                quatf xformOp:orient = (1, -0, 0, -0)
                float3 xformOp:scale = (-1.346507, 0.9413488, 1.0833333)
                double3 xformOp:translate = (-7.498208958961887, -1.4041472309355914, 1.7661869583162457)
                uniform token[] xformOpOrder = ["xformOp:translate", "xformOp:orient", "xformOp:scale"]
            }

            def Xform "office_supply_0000" (
                prepend references = @./Meshes/office_supply_0000.usd@
            )
            {
                quatf xformOp:orient = (1, -0, 0, -0)
                float3 xformOp:scale = (-1.346507, 0.9413488, 1.0833333)
                double3 xformOp:translate = (-7.303807583065386, -1.3784702599652543, 0.4809188237956004)
                uniform token[] xformOpOrder = ["xformOp:translate", "xformOp:orient", "xformOp:scale"]
            }

            def Xform "office_supply_0001" (
                prepend references = @./Meshes/office_supply_0001.usd@
            )
            {
                quatf xformOp:orient = (1, -0, 0, -0)
                float3 xformOp:scale = (-1.346507, 0.9413488, 1.0833333)
                double3 xformOp:translate = (-7.524356528787965, -1.3997935768416483, 1.7914530706622669)
                uniform token[] xformOpOrder = ["xformOp:translate", "xformOp:orient", "xformOp:scale"]
            }

            def Xform "shelf_0000" (
                prepend references = @./Meshes/shelf_0000.usd@
            )
            {
                quatf xformOp:orient = (1.3315805e-7, -0, 0, 1)
                float3 xformOp:scale = (1.3327007, 0.78569186, 1.0445675)
                double3 xformOp:translate = (-5.696432000748035, -4.6177799276585745, 2.7606899837270213)
                uniform token[] xformOpOrder = ["xformOp:translate", "xformOp:orient", "xformOp:scale"]
            }

            def Xform "bed_0000" (
                prepend references = @./Meshes/bed_0000.usd@
            )
            {
                quatf xformOp:orient = (0.70710677, -0, 0, 0.70710677)
                float3 xformOp:scale = (0.9129, 1, 1)
                double3 xformOp:translate = (-6.479479354849886, -3.1398718461036332, 0.5563169667353912)
                uniform token[] xformOpOrder = ["xformOp:translate", "xformOp:orient", "xformOp:scale"]
            }

            def Xform "bedding_0000" (
                prepend references = @./Meshes/bedding_0000.usd@
            )
            {
                quatf xformOp:orient = (0.70710677, -0, 0, 0.70710677)
                float3 xformOp:scale = (0.9129, 1, 1)
                double3 xformOp:translate = (-5.478861602727496, -2.837005012660884, 0.43593821640775454)
                uniform token[] xformOpOrder = ["xformOp:translate", "xformOp:orient", "xformOp:scale"]
            }

            def Xform "pillow_0000" (
                prepend references = @./Meshes/pillow_0000.usd@
            )
            {
                quatf xformOp:orient = (0.70710677, -0, 0, 0.70710677)
                float3 xformOp:scale = (0.9129, 1, 1)
                double3 xformOp:translate = (-6.947323379533197, -2.8094146602357797, 0.725240985627168)
                uniform token[] xformOpOrder = ["xformOp:translate", "xformOp:orient", "xformOp:scale"]
            }

            def Xform "pillow_0001" (
                prepend references = @./Meshes/pillow_0001.usd@
            )
            {
                quatf xformOp:orient = (0.70710677, -0, 0, 0.70710677)
                float3 xformOp:scale = (0.9129, 1, 1)
                double3 xformOp:translate = (-6.957900398299742, -3.5268173203944753, 0.7327365300738988)
                uniform token[] xformOpOrder = ["xformOp:translate", "xformOp:orient", "xformOp:scale"]
            }

            def Xform "pillow_0002" (
                prepend references = @./Meshes/pillow_0002.usd@
            )
            {
                quatf xformOp:orient = (0.70710677, -0, 0, 0.70710677)
                float3 xformOp:scale = (0.9129, 1, 1)
                double3 xformOp:translate = (-7.31159461975091, -3.4858720507620458, 0.744130165029116)
                uniform token[] xformOpOrder = ["xformOp:translate", "xformOp:orient", "xformOp:scale"]
            }

            def Xform "pillow_0003" (
                prepend references = @./Meshes/pillow_0003.usd@
            )
            {
                quatf xformOp:orient = (0.70710677, -0, 0, 0.70710677)
                float3 xformOp:scale = (0.9129, 1, 1)
                double3 xformOp:translate = (-7.446565124532121, -3.472297423807031, 0.6473708760563419)
                uniform token[] xformOpOrder = ["xformOp:translate", "xformOp:orient", "xformOp:scale"]
            }

            def Xform "pillow_0004" (
                prepend references = @./Meshes/pillow_0004.usd@
            )
            {
                quatf xformOp:orient = (0.70710677, -0, 0, 0.70710677)
                float3 xformOp:scale = (0.9129, 1, 1)
                double3 xformOp:translate = (-7.275514556984902, -2.7615774830171724, 0.7678563495958132)
                uniform token[] xformOpOrder = ["xformOp:translate", "xformOp:orient", "xformOp:scale"]
            }

            def Xform "pillow_0005" (
                prepend references = @./Meshes/pillow_0005.usd@
            )
            {
                quatf xformOp:orient = (0.70710677, -0, 0, 0.70710677)
                float3 xformOp:scale = (0.9129, 1, 1)
                double3 xformOp:translate = (-7.395165145890327, -2.7501336982806244, 0.6511226196213932)
                uniform token[] xformOpOrder = ["xformOp:translate", "xformOp:orient", "xformOp:scale"]
            }

            def Xform "electric_appliance_0000" (
                prepend references = @./Meshes/electric_appliance_0000.usd@
            )
            {
                quatf xformOp:orient = (1, -0, 0, -0)
                float3 xformOp:scale = (1, 1, 1)
                double3 xformOp:translate = (-3.9358780700000002, -2.39504849, 0.6124476076352302)
                uniform token[] xformOpOrder = ["xformOp:translate", "xformOp:orient", "xformOp:scale"]
            }

            def Xform "flower_0000" (
                prepend references = @./Meshes/flower_0000.usd@
            )
            {
                quatf xformOp:orient = (1, -0, 0, -0)
                float3 xformOp:scale = (1, 1, 1)
                double3 xformOp:translate = (-3.9939294000000003, -3.87568801, 0.9159934882812264)
                uniform token[] xformOpOrder = ["xformOp:translate", "xformOp:orient", "xformOp:scale"]
            }

            def Xform "flower_0001" (
                prepend references = @./Meshes/flower_0001.usd@
            )
            {
                quatf xformOp:orient = (1, -0, 0, -0)
                float3 xformOp:scale = (1, 1, 1)
                double3 xformOp:translate = (-3.9619555300000004, -4.16344602, 0.5587256490129463)
                uniform token[] xformOpOrder = ["xformOp:translate", "xformOp:orient", "xformOp:scale"]
            }
        }

        def Scope "wall"
        {
            def Xform "wall_0000" (
                prepend references = @./Meshes/wall_0000.usd@
            )
            {
                quatf xformOp:orient = (0.7071068, -0, 0, -0.7071067)
                float3 xformOp:scale = (0.99231935, 1.2639084, 0.9629434)
                double3 xformOp:translate = (-0.02678161259841644, 1.4628519410023708, 2.0827701563103487)
                uniform token[] xformOpOrder = ["xformOp:translate", "xformOp:orient", "xformOp:scale"]
            }

            def Xform "wall_0001" (
                prepend references = @./Meshes/wall_0001.usd@
            )
            {
                quatf xformOp:orient = (0.7071068, -0, 0, -0.7071067)
                float3 xformOp:scale = (0.99231935, 1.2639084, 0.9629434)
                double3 xformOp:translate = (-0.02678155352666732, 1.3229351748101759, 1.6757897974258267)
                uniform token[] xformOpOrder = ["xformOp:translate", "xformOp:orient", "xformOp:scale"]
            }

            def Xform "wall_0002" (
                prepend references = @./Meshes/wall_0002.usd@
            )
            {
                quatf xformOp:orient = (0.7071068, -0, 0, -0.7071067)
                float3 xformOp:scale = (0.99231935, 1.2639084, 0.9629434)
                double3 xformOp:translate = (-0.0264971690674575, 0.2700505645380016, 1.631360026482163)
                uniform token[] xformOpOrder = ["xformOp:translate", "xformOp:orient", "xformOp:scale"]
            }

            def Xform "wall_0003" (
                prepend references = @./Meshes/wall_0003.usd@
            )
            {
                quatf xformOp:orient = (0.7071068, -0, 0, -0.7071067)
                float3 xformOp:scale = (0.99231935, 1.2639084, 0.9629434)
                double3 xformOp:translate = (-0.0266292619057163, 0.7810364854269625, 2.035525255203509)
                uniform token[] xformOpOrder = ["xformOp:translate", "xformOp:orient", "xformOp:scale"]
            }

            def Xform "wall_0004" (
                prepend references = @./Meshes/wall_0004.usd@
            )
            {
                quatf xformOp:orient = (0.7071068, -0, 0, -0.7071067)
                float3 xformOp:scale = (0.99231935, 1.2639084, 0.9629434)
                double3 xformOp:translate = (-0.031330997624339336, 1.6458418271082536, 1.4124425247926242)
                uniform token[] xformOpOrder = ["xformOp:translate", "xformOp:orient", "xformOp:scale"]
            }

            def Xform "wall_0005" (
                prepend references = @./Meshes/wall_0005.usd@
            )
            {
                quatf xformOp:orient = (0.70710677, -0, 0, 0.70710677)
                float3 xformOp:scale = (1.6203922, 0.66668, 1.04)
                double3 xformOp:translate = (-3.4843511962890625, -2.3737167358398437, 1.2999994800000017)
                uniform token[] xformOpOrder = ["xformOp:translate", "xformOp:orient", "xformOp:scale"]
            }

            def Xform "wall_0006" (
                prepend references = @./Meshes/wall_0006.usd@
            )
            {
                quatf xformOp:orient = (0.7071068, -0, 0, -0.7071067)
                float3 xformOp:scale = (1.2863753, 1.3395089, 0.9629434)
                double3 xformOp:translate = (-0.026509493146761275, -2.6082524911352407, 2.082770156310349)
                uniform token[] xformOpOrder = ["xformOp:translate", "xformOp:orient", "xformOp:scale"]
            }

            def Xform "wall_0007" (
                prepend references = @./Meshes/wall_0007.usd@
            )
            {
                quatf xformOp:orient = (0.7071068, -0, 0, -0.7071067)
                float3 xformOp:scale = (1.2863753, 1.3395089, 0.9629434)
                double3 xformOp:translate = (-0.02650942774553189, -2.789631248002483, 1.675789797425827)
                uniform token[] xformOpOrder = ["xformOp:translate", "xformOp:orient", "xformOp:scale"]
            }

            def Xform "wall_0008" (
                prepend references = @./Meshes/wall_0008.usd@
            )
            {
                quatf xformOp:orient = (0.7071068, -0, 0, -0.7071067)
                float3 xformOp:scale = (1.2863753, 1.3395089, 0.9629434)
                double3 xformOp:translate = (-0.026208034362793363, -4.154519042199594, 1.6313600264821633)
                uniform token[] xformOpOrder = ["xformOp:translate", "xformOp:orient", "xformOp:scale"]
            }

            def Xform "wall_0009" (
                prepend references = @./Meshes/wall_0009.usd@
            )
            {
                quatf xformOp:orient = (0.7071068, -0, 0, -0.7071067)
                float3 xformOp:scale = (1.2863753, 1.3395089, 0.9629434)
                double3 xformOp:translate = (-0.02634802661911667, -3.4921116674906085, 2.035525255203509)
                uniform token[] xformOpOrder = ["xformOp:translate", "xformOp:orient", "xformOp:scale"]
            }

            def Xform "wall_0010" (
                prepend references = @./Meshes/wall_0010.usd@
            )
            {
                quatf xformOp:orient = (0.7071068, -0, 0, -0.7071067)
                float3 xformOp:scale = (1.2863753, 1.3395089, 0.9629434)
                double3 xformOp:translate = (-0.03133099776071236, -2.3710369298670453, 1.41958405817259)
                uniform token[] xformOpOrder = ["xformOp:translate", "xformOp:orient", "xformOp:scale"]
            }

            def Xform "wall_0011" (
                prepend references = @./Meshes/wall_0011.usd@
            )
            {
                quatf xformOp:orient = (1, -0, 0, -0)
                float3 xformOp:scale = (10, 10, 10)
                double3 xformOp:translate = (-3.60177505, -3.3329817100000003, 1.3999949999997625)
                uniform token[] xformOpOrder = ["xformOp:translate", "xformOp:orient", "xformOp:scale"]
            }

            def Xform "wall_0012" (
                prepend references = @./Meshes/wall_0012.usd@
            )
            {
                quatf xformOp:orient = (1, -0, 0, -0)
                float3 xformOp:scale = (10, 10, 10)
                double3 xformOp:translate = (-1.75390602, -6.44944489, 1.3999949999997625)
                uniform token[] xformOpOrder = ["xformOp:translate", "xformOp:orient", "xformOp:scale"]
            }

            def Xform "wall_0013" (
                prepend references = @./Meshes/wall_0013.usd@
            )
            {
                quatf xformOp:orient = (1, -0, 0, -0)
                float3 xformOp:scale = (10, 10, 10)
                double3 xformOp:translate = (-4.57687012, -0.015810010000000003, 1.3999949999997625)
                uniform token[] xformOpOrder = ["xformOp:translate", "xformOp:orient", "xformOp:scale"]
            }

            def Xform "wall_0014" (
                prepend references = @./Meshes/wall_0014.usd@
            )
            {
                quatf xformOp:orient = (1, -0, 0, -0)
                float3 xformOp:scale = (10, 10, 10)
                double3 xformOp:translate = (0.09396190000000001, -1.4702200300000001, 1.3999950145244302)
                uniform token[] xformOpOrder = ["xformOp:translate", "xformOp:orient", "xformOp:scale"]
            }

            def Xform "wall_0015" (
                prepend references = @./Meshes/wall_0015.usd@
            )
            {
                quatf xformOp:orient = (1, -0, 0, -0)
                float3 xformOp:scale = (10, 10, 10)
                double3 xformOp:translate = (-3.9192110400000004, -4.76171494, 1.3999949999997625)
                uniform token[] xformOpOrder = ["xformOp:translate", "xformOp:orient", "xformOp:scale"]
            }

            def Xform "wall_0016" (
                prepend references = @./Meshes/wall_0016.usd@
            )
            {
                quatf xformOp:orient = (1, -0, 0, -0)
                float3 xformOp:scale = (10, 10, 10)
                double3 xformOp:translate = (-7.82096008, -1.859375, 1.3999949999997625)
                uniform token[] xformOpOrder = ["xformOp:translate", "xformOp:orient", "xformOp:scale"]
            }

            def Xform "wall_0017" (
                prepend references = @./Meshes/wall_0017.usd@
            )
            {
                quatf xformOp:orient = (1, -0, 0, -0)
                float3 xformOp:scale = (10, 10, 10)
                double3 xformOp:translate = (-2.39575001, 6.23144501, 1.3999949999997625)
                uniform token[] xformOpOrder = ["xformOp:translate", "xformOp:orient", "xformOp:scale"]
            }

            def Xform "wall_0018" (
                prepend references = @./Meshes/wall_0018.usd@
            )
            {
                quatf xformOp:orient = (1, -0, 0, -0)
                float3 xformOp:scale = (10, 10, 10)
                double3 xformOp:translate = (-1.6939055200000002, 3.50899994, 1.3999949999997625)
                uniform token[] xformOpOrder = ["xformOp:translate", "xformOp:orient", "xformOp:scale"]
            }

            def Xform "wall_0019" (
                prepend references = @./Meshes/wall_0019.usd@
            )
            {
                quatf xformOp:orient = (1, -0, 0, -0)
                float3 xformOp:scale = (10, 10, 10)
                double3 xformOp:translate = (-3.60177505, 3.62863209, 1.3999949999997625)
                uniform token[] xformOpOrder = ["xformOp:translate", "xformOp:orient", "xformOp:scale"]
            }

            def Xform "wall_0020" (
                prepend references = @./Meshes/wall_0020.usd@
            )
            {
                quatf xformOp:orient = (1, -0, 0, -0)
                float3 xformOp:scale = (10, 10, 10)
                double3 xformOp:translate = (-4.029325099999999, -0.21652075, 1.3999949999997625)
                uniform token[] xformOpOrder = ["xformOp:translate", "xformOp:orient", "xformOp:scale"]
            }

            def Xform "wall_0021" (
                prepend references = @./Meshes/wall_0021.usd@
            )
            {
                quatf xformOp:orient = (1, -0, 0, -0)
                float3 xformOp:scale = (10, 10, 10)
                double3 xformOp:translate = (-6.14320511, -0.9545895, 1.3999949999997625)
                uniform token[] xformOpOrder = ["xformOp:translate", "xformOp:orient", "xformOp:scale"]
            }

            def Xform "wall_0022" (
                prepend references = @./Meshes/wall_0022.usd@
            )
            {
                quatf xformOp:orient = (1, -0, 0, -0)
                float3 xformOp:scale = (10, 10, 10)
                double3 xformOp:translate = (-5.70708008, 1.03439247, 1.3999949999997625)
                uniform token[] xformOpOrder = ["xformOp:translate", "xformOp:orient", "xformOp:scale"]
            }

            def Xform "wall_0023" (
                prepend references = @./Meshes/wall_0023.usd@
            )
            {
                quatf xformOp:orient = (1, -0, 0, -0)
                float3 xformOp:scale = (10, 10, 10)
                double3 xformOp:translate = (-1.18115002, 4.93450989, 1.3999949999997625)
                uniform token[] xformOpOrder = ["xformOp:translate", "xformOp:orient", "xformOp:scale"]
            }
        }

        def Scope "ceiling"
        {
            def Xform "ceiling_0000" (
                prepend references = @./Meshes/ceiling_0000.usd@
            )
            {
                quatf xformOp:orient = (1, -0, 0, -0)
                float3 xformOp:scale = (1.1675026, 0.95413923, 0.57268304)
                double3 xformOp:translate = (-5.715655420981375, -2.7712970547232545, 2.7002530973520957)
                uniform token[] xformOpOrder = ["xformOp:translate", "xformOp:orient", "xformOp:scale"]
            }

            def Xform "ceiling_0001" (
                prepend references = @./Meshes/ceiling_0001.usd@
            )
            {
                quatf xformOp:orient = (1, -0, 0, -0)
                float3 xformOp:scale = (1.0568528, 1.4576901, 0.82082677)
                double3 xformOp:translate = (-1.75390625, -2.180724792480469, 2.699499983617393)
                uniform token[] xformOpOrder = ["xformOp:translate", "xformOp:orient", "xformOp:scale"]
            }

            def Xform "ceiling_0002" (
                prepend references = @./Meshes/ceiling_0002.usd@
            )
            {
                quatf xformOp:orient = (1, -0, 0, -0)
                float3 xformOp:scale = (0.9469137, 0.5150408, 0.16567901)
                double3 xformOp:translate = (-6.203204300119692, 0.044189495170780906, 2.474632240885813)
                uniform token[] xformOpOrder = ["xformOp:translate", "xformOp:orient", "xformOp:scale"]
            }

            def Xform "ceiling_0003" (
                prepend references = @./Meshes/ceiling_0003.usd@
            )
            {
                quatf xformOp:orient = (1, -0, 0, -0)
                float3 xformOp:scale = (1.0290427, 0.79162014, 0.6367719)
                double3 xformOp:translate = (-1.753906262365854, 1.8414678439225645, 2.7002529871350016)
                uniform token[] xformOpOrder = ["xformOp:translate", "xformOp:orient", "xformOp:scale"]
            }

            def Xform "ceiling_0004" (
                prepend references = @./Meshes/ceiling_0004.usd@
            )
            {
                quatf xformOp:orient = (1, -0, 0, -0)
                float3 xformOp:scale = (0.86820495, 0.27850667, 1.1205083)
                double3 xformOp:translate = (-1.7539062838354584, -5.508277361637602, 2.699999444728288)
                uniform token[] xformOpOrder = ["xformOp:translate", "xformOp:orient", "xformOp:scale"]
            }

            def Xform "ceiling_0005" (
                prepend references = @./Meshes/ceiling_0005.usd@
            )
            {
                quatf xformOp:orient = (1, -0, 0, -0)
                float3 xformOp:scale = (10, 10, 10)
                double3 xformOp:translate = (-2.39575199, 4.874511790000001, 2.80000004)
                uniform token[] xformOpOrder = ["xformOp:translate", "xformOp:orient", "xformOp:scale"]
            }

            def Xform "ceiling_0006" (
                prepend references = @./Meshes/ceiling_0006.usd@
            )
            {
                quatf xformOp:orient = (1, -0, 0, -0)
                float3 xformOp:scale = (10, 10, 10)
                double3 xformOp:translate = (-2.24145511, -0.62207032, 2.80000004)
                uniform token[] xformOpOrder = ["xformOp:translate", "xformOp:orient", "xformOp:scale"]
            }

            def Xform "ceiling_0007" (
                prepend references = @./Meshes/ceiling_0007.usd@
            )
            {
                quatf xformOp:orient = (1, -0, 0, -0)
                float3 xformOp:scale = (10, 10, 10)
                double3 xformOp:translate = (-1.7539057900000001, -5.60987118, 2.80000004)
                uniform token[] xformOpOrder = ["xformOp:translate", "xformOp:orient", "xformOp:scale"]
            }

            def Xform "ceiling_0008" (
                prepend references = @./Meshes/ceiling_0008.usd@
            )
            {
                quatf xformOp:orient = (1, -0, 0, -0)
                float3 xformOp:scale = (10, 10, 10)
                double3 xformOp:translate = (-6.20320419, 0.04418945, 2.80000004)
                uniform token[] xformOpOrder = ["xformOp:translate", "xformOp:orient", "xformOp:scale"]
            }

            def Xform "ceiling_0009" (
                prepend references = @./Meshes/ceiling_0009.usd@
            )
            {
                quatf xformOp:orient = (1, -0, 0, -0)
                float3 xformOp:scale = (10, 10, 10)
                double3 xformOp:translate = (-5.7156553599999995, -2.49340824, 2.80000004)
                uniform token[] xformOpOrder = ["xformOp:translate", "xformOp:orient", "xformOp:scale"]
            }

            def Xform "ceiling_0010" (
                prepend references = @./Meshes/ceiling_0010.usd@
            )
            {
                quatf xformOp:orient = (1, -0, 0, -0)
                float3 xformOp:scale = (10, 10, 10)
                double3 xformOp:translate = (-3.8592105400000003, -0.1132901, 2.85)
                uniform token[] xformOpOrder = ["xformOp:translate", "xformOp:orient", "xformOp:scale"]
            }
        }

        def Scope "floor"
        {
            def Xform "floor_0000" (
                prepend references = @./Meshes/floor_0000.usd@
            )
            {
                quatf xformOp:orient = (1, -0, 0, -0)
                float3 xformOp:scale = (10, 10, 10)
                double3 xformOp:translate = (-2.24145511, -0.62207032, 0)
                uniform token[] xformOpOrder = ["xformOp:translate", "xformOp:orient", "xformOp:scale"]
            }

            def Xform "floor_0001" (
                prepend references = @./Meshes/floor_0001.usd@
            )
            {
                quatf xformOp:orient = (1, -0, 0, -0)
                float3 xformOp:scale = (10, 10, 10)
                double3 xformOp:translate = (-5.7156553599999995, -2.49340824, 0)
                uniform token[] xformOpOrder = ["xformOp:translate", "xformOp:orient", "xformOp:scale"]
            }

            def Xform "floor_0002" (
                prepend references = @./Meshes/floor_0002.usd@
            )
            {
                quatf xformOp:orient = (1, -0, 0, -0)
                float3 xformOp:scale = (10, 10, 10)
                double3 xformOp:translate = (-2.39575199, 4.874511790000001, 0)
                uniform token[] xformOpOrder = ["xformOp:translate", "xformOp:orient", "xformOp:scale"]
            }

            def Xform "floor_0003" (
                prepend references = @./Meshes/floor_0003.usd@
            )
            {
                quatf xformOp:orient = (1, -0, 0, -0)
                float3 xformOp:scale = (10, 10, 10)
                double3 xformOp:translate = (-6.20320419, 0.04418945, 0)
                uniform token[] xformOpOrder = ["xformOp:translate", "xformOp:orient", "xformOp:scale"]
            }

            def Xform "floor_0004" (
                prepend references = @./Meshes/floor_0004.usd@
            )
            {
                quatf xformOp:orient = (1, -0, 0, -0)
                float3 xformOp:scale = (10, 10, 10)
                double3 xformOp:translate = (-1.7539057900000001, -5.60987118, 0)
                uniform token[] xformOpOrder = ["xformOp:translate", "xformOp:orient", "xformOp:scale"]
            }

            def Xform "floor_0005" (
                prepend references = @./Meshes/floor_0005.usd@
            )
            {
                quatf xformOp:orient = (1, -0, 0, -0)
                float3 xformOp:scale = (10, 10, 10)
                double3 xformOp:translate = (-3.8592105400000003, -0.1132901, -0.30000500000023755)
                uniform token[] xformOpOrder = ["xformOp:translate", "xformOp:orient", "xformOp:scale"]
            }
        }

        def Scope "other"
        {
            def Xform "doorsill_0000" (
                prepend references = @./Meshes/doorsill_0000.usd@
            )
            {
                quatf xformOp:orient = (1, -0, 0, -0)
                float3 xformOp:scale = (10, 10, 10)
                double3 xformOp:translate = (-4.585449290000001, 0.52296802, 0.004994999999762513)
                uniform token[] xformOpOrder = ["xformOp:translate", "xformOp:orient", "xformOp:scale"]
            }

            def Xform "doorsill_0001" (
                prepend references = @./Meshes/doorsill_0001.usd@
            )
            {
                quatf xformOp:orient = (1, -0, 0, -0)
                float3 xformOp:scale = (10, 10, 10)
                double3 xformOp:translate = (-0.46746051, 3.5175780600000004, 0.004994999999762513)
                uniform token[] xformOpOrder = ["xformOp:translate", "xformOp:orient", "xformOp:scale"]
            }

            def Xform "doorsill_0002" (
                prepend references = @./Meshes/doorsill_0002.usd@
            )
            {
                quatf xformOp:orient = (1, -0, 0, -0)
                float3 xformOp:scale = (10, 10, 10)
                double3 xformOp:translate = (-4.08035114, -0.22509733, 0.004994999999762513)
                uniform token[] xformOpOrder = ["xformOp:translate", "xformOp:orient", "xformOp:scale"]
            }

            def Xform "doorsill_0003" (
                prepend references = @./Meshes/doorsill_0003.usd@
            )
            {
                quatf xformOp:orient = (1, -0, 0, -0)
                float3 xformOp:scale = (10, 10, 10)
                double3 xformOp:translate = (-2.39971305, 3.5175780600000004, 0.004994999999762513)
                uniform token[] xformOpOrder = ["xformOp:translate", "xformOp:orient", "xformOp:scale"]
            }

            def Xform "doorsill_0004" (
                prepend references = @./Meshes/doorsill_0004.usd@
            )
            {
                quatf xformOp:orient = (1, -0, 0, -0)
                float3 xformOp:scale = (10, 10, 10)
                double3 xformOp:translate = (-1.78035107, -4.76171907, 0.004994999999762513)
                uniform token[] xformOpOrder = ["xformOp:translate", "xformOp:orient", "xformOp:scale"]
            }

            def Xform "window_0000" (
                prepend references = @./Meshes/window_0000.usd@
            )
            {
                quatf xformOp:orient = (1, -0, 0, -0)
                float3 xformOp:scale = (1, 1, 1)
                double3 xformOp:translate = (-5.700959490000001, -4.72816484, 1.4999995299999762)
                uniform token[] xformOpOrder = ["xformOp:translate", "xformOp:orient", "xformOp:scale"]
            }

            def Xform "window_0001" (
                prepend references = @./Meshes/window_0001.usd@
            )
            {
                quatf xformOp:orient = (1, -0, 0, -0)
                float3 xformOp:scale = (1, 1, 1)
                double3 xformOp:translate = (-1.75390628, -6.511969769999999, 1.4999995299999762)
                uniform token[] xformOpOrder = ["xformOp:translate", "xformOp:orient", "xformOp:scale"]
            }

            def Xform "window_0002" (
                prepend references = @./Meshes/window_0002.usd@
            )
            {
                quatf xformOp:orient = (1, -0, 0, -0)
                float3 xformOp:scale = (1, 1, 1)
                double3 xformOp:translate = (-7.872722700000001, -0.43458984, 1.4999995299999762)
                uniform token[] xformOpOrder = ["xformOp:translate", "xformOp:orient", "xformOp:scale"]
            }

            def Xform "window_0003" (
                prepend references = @./Meshes/window_0003.usd@
            )
            {
                quatf xformOp:orient = (1, -0, 0, -0)
                float3 xformOp:scale = (1, 1, 1)
                double3 xformOp:translate = (-2.35115233, 6.19346147, 1.4999995299999762)
                uniform token[] xformOpOrder = ["xformOp:translate", "xformOp:orient", "xformOp:scale"]
            }

            def Xform "door_0000" (
                prepend references = @./Meshes/door_0000.usd@
            )
            {
                quatf xformOp:orient = (1, -0, 0, -0)
                float3 xformOp:scale = (1, 1, 1)
                double3 xformOp:translate = (-4.607126190000001, 0.52296881, 1.0704995009999765)
                uniform token[] xformOpOrder = ["xformOp:translate", "xformOp:orient", "xformOp:scale"]

                over "Meshes"
                {
                    over "door_0000"
                    {
                        over "physics_constraint_0001"
                        {
                            token visibility = "invisible"
                        }

                        over "group_0001"
                        {
                            token visibility = "invisible"
                        }
                    }
                }
            }

            def Xform "door_0001" (
                prepend references = @./Meshes/door_0001.usd@
            )
            {
                quatf xformOp:orient = (1, -0, 0, -0)
                float3 xformOp:scale = (1, 1, 1)
                double3 xformOp:translate = (-1.78035158, -4.76171899, 1.1997387578124767)
                uniform token[] xformOpOrder = ["xformOp:translate", "xformOp:orient", "xformOp:scale"]

                over "Meshes"
                {
                    over "door_0001"
                    {
                        over "physics_constraint_0001"
                        {
                            token visibility = "invisible"
                        }

                        over "physics_constraint_0002"
                        {
                            token visibility = "invisible"
                        }

                        over "physics_constraint_0003"
                        {
                            token visibility = "invisible"
                        }

                        over "physics_constraint_0004"
                        {
                            token visibility = "invisible"
                        }

                        over "group_0001"
                        {
                            token visibility = "invisible"
                        }

                        over "group_0002"
                        {
                            token visibility = "invisible"
                        }

                        over "group_0003"
                        {
                            token visibility = "invisible"
                        }

                        over "group_0004"
                        {
                            token visibility = "invisible"
                        }
                    }
                }
            }

            def Xform "door_0002" (
                prepend references = @./Meshes/door_0002.usd@
            )
            {
                quatf xformOp:orient = (1, -0, 0, -0)
                float3 xformOp:scale = (1, 1, 1)
                double3 xformOp:translate = (-4.0803515599999995, -0.25483748, 1.0779993729999764)
                uniform token[] xformOpOrder = ["xformOp:translate", "xformOp:orient", "xformOp:scale"]

                over "Meshes"
                {
                    over "door_0002"
                    {
                        over "physics_constraint_0001"
                        {
                            token visibility = "invisible"
                        }

                        over "group_0001"
                        {
                            token visibility = "invisible"
                        }
                    }
                }
            }

            def Xform "door_0003" (
                prepend references = @./Meshes/door_0003.usd@
            )
            {
                quatf xformOp:orient = (1, -0, 0, -0)
                float3 xformOp:scale = (1, 1, 1)
                double3 xformOp:translate = (-0.46746095, 3.49822591, 1.0679994929999768)
                uniform token[] xformOpOrder = ["xformOp:translate", "xformOp:orient", "xformOp:scale"]

                over "Meshes"
                {
                    over "door_0003"
                    {
                        over "physics_constraint_0001"
                        {
                            token visibility = "invisible"
                        }
                    }
                }
            }

            def Xform "door_0004" (
                prepend references = @./Meshes/door_0004.usd@
            )
            {
                quatf xformOp:orient = (1, -0, 0, -0)
                float3 xformOp:scale = (1, 1, 1)
                double3 xformOp:translate = (-2.3997134, 3.517578, 1.0559995009999765)
                uniform token[] xformOpOrder = ["xformOp:translate", "xformOp:orient", "xformOp:scale"]

                over "Meshes"
                {
                    over "door_0004"
                    {
                        over "physics_constraint_0001"
                        {
                            token visibility = "invisible"
                        }

                        over "physics_constraint_0002"
                        {
                            token visibility = "invisible"
                        }

                        over "physics_constraint_0003"
                        {
                            token visibility = "invisible"
                        }

                        over "group_0001"
                        {
                            token visibility = "invisible"
                        }

                        over "group_0002"
                        {
                            token visibility = "invisible"
                        }

                        over "group_0003"
                        {
                            token visibility = "invisible"
                        }
                    }
                }
            }
        }
    }

    def "Rendering"
    {
        def "Lights"
        {
            def DistantLight "DirectionalLight"
            {
                float angle = 0.5357
                uniform opaque collection:lightLink
                uniform token collection:lightLink:expansionRule = "expandPrims"
                uniform bool collection:lightLink:includeRoot = 1
                uniform pathExpression collection:lightLink:membershipExpression
                uniform opaque collection:shadowLink
                uniform token collection:shadowLink:expansionRule = "expandPrims"
                uniform bool collection:shadowLink:includeRoot = 1
                uniform pathExpression collection:shadowLink:membershipExpression
                color3f color = (1, 1, 1)
                float colorTemperature = 6500
                bool enableColorTemperature = 0
                float inputs:angle = 3
                color3f inputs:color = (1, 1, 1)
                float inputs:colorTemperature = 6500
                float inputs:diffuse = 1
                bool inputs:enableColorTemperature = 0
                float inputs:exposure = 0
                float inputs:intensity = 1989.4366
                bool inputs:normalize = 0
                float inputs:specular = 1
                float intensity = 1989.4366
                uniform token light:materialSyncMode = "noMaterialResponse"
                uniform token light:shaderId = "DistantLight"
                uniform token purpose = "default"
                token visibility = "inherited"
                bool visibleInPrimaryRay = 0
                quatd xformOp:orient = (0.833099066023021, 0.5289167460996648, -0.0009132552577853922, -0.1618400069567073)
                double3 xformOp:scale = (2.5, 2.5, 2.5)
                double3 xformOp:translate = (-0.3100600846672327, -4.297099378708394, 1.110096781265646)
                uniform token[] xformOpOrder = ["xformOp:translate", "xformOp:orient", "xformOp:scale"]
            }

            def DomeLight "DomeLight"
            {
                uniform opaque collection:lightLink
                uniform token collection:lightLink:expansionRule = "expandPrims"
                uniform bool collection:lightLink:includeRoot = 1
                uniform pathExpression collection:lightLink:membershipExpression
                uniform opaque collection:shadowLink
                uniform token collection:shadowLink:expansionRule = "expandPrims"
                uniform bool collection:shadowLink:includeRoot = 1
                uniform pathExpression collection:shadowLink:membershipExpression
                float guideRadius = 100000
                color3f inputs:color = (1, 1, 1)
                float inputs:colorTemperature = 6500
                float inputs:diffuse = 1
                bool inputs:enableColorTemperature = 0
                float inputs:exposure = 0
                float inputs:intensity = 1000
                bool inputs:normalize = 0
                float inputs:shaping:cone:angle = 180
                float inputs:shaping:cone:softness = 0
                float inputs:shaping:focus = 0
                color3f inputs:shaping:focusTint = (0, 0, 0)
                float inputs:shaping:ies:angleScale = 0
                asset inputs:shaping:ies:file
                bool inputs:shaping:ies:normalize = 0
                float inputs:specular = 1
                asset inputs:texture:file = @./limpopo_golf_course_4k.hdr@
                token inputs:texture:format = "latlong"
                uniform token light:materialSyncMode = "noMaterialResponse"
                uniform token light:shaderId = "DomeLight"
                uniform token purpose = "default"
                token visibility = "inherited"
                quatd xformOp:orient = (1, 0, 0, 0)
                double3 xformOp:scale = (1, 1, 1)
                double3 xformOp:translate = (0, 0, 0)
                uniform token[] xformOpOrder = ["xformOp:translate", "xformOp:orient", "xformOp:scale"]
            }

            def RectLight "RectLight"
            {
                uniform opaque collection:lightLink
                uniform token collection:lightLink:expansionRule = "expandPrims"
                uniform bool collection:lightLink:includeRoot = 1
                uniform pathExpression collection:lightLink:membershipExpression
                uniform opaque collection:shadowLink
                uniform token collection:shadowLink:expansionRule = "expandPrims"
                uniform bool collection:shadowLink:includeRoot = 1
                uniform pathExpression collection:shadowLink:membershipExpression
                float3[] extent = [(-50, -50, -0), (50, 50, 0)]
                color3f inputs:color = (1, 1, 1)
                float inputs:colorTemperature = 5000
                float inputs:diffuse = 1
                bool inputs:enableColorTemperature = 1
                float inputs:exposure = 1
                float inputs:height = 1
                float inputs:intensity = 1000
                bool inputs:normalize = 0
                float inputs:shaping:cone:angle = 180
                float inputs:shaping:cone:softness = 0
                float inputs:shaping:focus = 0
                color3f inputs:shaping:focusTint = (0, 0, 0)
                float inputs:shaping:ies:angleScale = 0
                asset inputs:shaping:ies:file
                bool inputs:shaping:ies:normalize = 0
                float inputs:specular = 0
                asset inputs:texture:file
                float inputs:width = 2
                uniform token light:materialSyncMode = "noMaterialResponse"
                uniform token light:shaderId = "RectLight"
                uniform token purpose = "default"
                token visibility = "inherited"
                quatd xformOp:orient = (0.7071067811865475, 0.7071067811865476, 0, 0)
                double3 xformOp:scale = (1, 1, 1)
                double3 xformOp:translate = (-1.8133671900195552, -4.634834320603639, 1.1889341525254844)
                uniform token[] xformOpOrder = ["xformOp:translate", "xformOp:orient", "xformOp:scale"]
            }
        }
    }
}

def "Render" (
    hide_in_stage_window = true
    no_delete = true
)
{
    def "OmniverseKit"
    {
        def "HydraTextures" (
            hide_in_stage_window = true
            no_delete = true
        )
        {
            def RenderProduct "omni_kit_widget_viewport_ViewportTexture_0" (
                prepend apiSchemas = ["OmniRtxSettingsCommonAdvancedAPI_1", "OmniRtxSettingsRtAdvancedAPI_1", "OmniRtxSettingsPtAdvancedAPI_1", "OmniRtxPostColorGradingAPI_1", "OmniRtxPostChromaticAberrationAPI_1", "OmniRtxPostBloomPhysicalAPI_1", "OmniRtxPostMatteObjectAPI_1", "OmniRtxPostCompositingAPI_1", "OmniRtxPostDofAPI_1", "OmniRtxPostMotionBlurAPI_1", "OmniRtxPostTvNoiseAPI_1", "OmniRtxPostTonemapIrayReinhardAPI_1", "OmniRtxPostDebugSettingsAPI_1", "OmniRtxDebugSettingsAPI_1"]
                hide_in_stage_window = true
                no_delete = true
            )
            {
                rel camera = </OmniverseKit_Persp>
                token omni:rtx:background:source:texture:textureMode = "repeatMirrored"
                token omni:rtx:background:source:type = "domeLight"
                bool omni:rtx:dlss:frameGeneration = 0
                string omni:rtx:material:db:rtSensorNameToIdMap = "DefaultMaterial:0;AsphaltStandardMaterial:1;AsphaltWeatheredMaterial:2;VegetationGrassMaterial:3;WaterStandardMaterial:4;GlassStandardMaterial:5;FiberGlassMaterial:6;MetalAlloyMaterial:7;MetalAluminumMaterial:8;MetalAluminumOxidizedMaterial:9;PlasticStandardMaterial:10;RetroMarkingsMaterial:11;RetroSignMaterial:12;RubberStandardMaterial:13;SoilClayMaterial:14;ConcreteRoughMaterial:15;ConcreteSmoothMaterial:16;OakTreeBarkMaterial:17;FabricStandardMaterial:18;PlexiGlassStandardMaterial:19;MetalSilverMaterial:20"
                bool omni:rtx:material:db:syncLoads = 1
                bool omni:rtx:post:registeredCompositing:invertColorCorrection = 1
                bool omni:rtx:post:registeredCompositing:invertToneMap = 1
                float omni:rtx:pt:fireflyFilter:maxPerEmissiveUnexposedIntensity = 10204.08
                float omni:rtx:pt:fireflyFilter:maxUnexposedIntensityPerSample = 10204.08
                float omni:rtx:pt:fireflyFilter:maxUnexposedIntensityPerSampleDiffuse = 10204.08
                bool omni:rtx:pt:lightcache:cached:dontResolveConflicts = 1
                int omni:rtx:pt:maxSamplesPerLaunch = 2073600
                int omni:rtx:pt:mgpu:maxPixelsPerRegionExponent = 12
                color3f omni:rtx:rt:ambientLight:color = (0.1, 0.1, 0.1)
                bool omni:rtx:rt:demoire = 0
                float omni:rtx:rt:directLighting:maxRayUnexposedIntensity = 20408.16
                float omni:rtx:rt:indirectdiffuse:maxRayUnexposedIntensity = 20408.16
                float omni:rtx:rt:inscattering:maxRTSampleUnexposedIntensity = 653061.1
                bool omni:rtx:rt:lightcache:spatialCache:dontResolveConflicts = 1
                float omni:rtx:rt:reflections:maxRayUnexposedIntensity = 61224.484
                float omni:rtx:rt:reflections:roughnessCacheThreshold = 1
                float omni:rtx:rt:refractions:maxRayUnexposedIntensity = 61224.484
                bool omni:rtx:scene:hydra:materialSyncLoads = 1
                bool omni:rtx:scene:hydra:mdlMaterialWarmup = 1
                uint omni:rtx:viewTile:limit = 4294967295
                rel orderedVars = </Render/Vars/LdrColor>
                custom bool overrideClipRange = 0
                uniform int2 resolution = (1280, 720)
            }
        }
    }

    def RenderSettings "OmniverseGlobalRenderSettings" (
        prepend apiSchemas = ["OmniRtxSettingsGlobalRtAdvancedAPI_1", "OmniRtxSettingsGlobalPtAdvancedAPI_1"]
        no_delete = true
    )
    {
        rel products = </Render/OmniverseKit/HydraTextures/omni_kit_widget_viewport_ViewportTexture_0>
    }

    def "Vars"
    {
        def RenderVar "LdrColor" (
            hide_in_stage_window = true
            no_delete = true
        )
        {
            uniform string sourceName = "LdrColor"
        }
    }
}

