#usda 1.0
(
    customLayerData = {
        dictionary cameraSettings = {
            dictionary Front = {
                double3 position = (500, 0, 0)
                double radius = 5
            }
            dictionary Perspective = {
                double3 position = (-2.5759241160358117, -2.772326310113147, 1.6352924536306717)
                double3 target = (-3.147585418945788, -8.467758262468175, 0.38188896399509)
            }
            dictionary Right = {
                double3 position = (0, -500, 0)
                double radius = 5
            }
            dictionary Top = {
                double3 position = (0, 0, 500)
                double radius = 5
            }
            string boundCamera = "/OmniverseKit_Persp"
        }
        dictionary omni_layer = {
            string authoring_layer = "./kujiale_0025.usda"
            dictionary locked = {
            }
            dictionary muteness = {
            }
        }
        dictionary renderSettings = {
            double "rtx:directLighting:sampledLighting:maxRayUnexposedIntensity" = 20408.16015625
            double "rtx:indirectDiffuse:maxRayUnexposedIntensity" = 20408.16015625
            double "rtx:pathtracing:fireflyFilter:maxPerEmissiveUnexposedIntensity" = 10204.080078125
            double "rtx:pathtracing:fireflyFilter:maxUnexposedIntensityPerSample" = 10204.080078125
            double "rtx:pathtracing:fireflyFilter:maxUnexposedIntensityPerSampleDiffuse" = 10204.080078125
            double "rtx:post:tonemap:fNumber" = 2.799999952316284
            double "rtx:raytracing:inscattering:maxRTSampleUnexposedIntensity" = 653061.125
            double "rtx:reflections:maxRoughness" = 1
            double "rtx:reflections:sampledLighting:maxRayUnexposedIntensity" = 61224.484375
            double "rtx:translucency:maxRayUnexposedIntensity" = 61224.484375
        }
    }
    defaultPrim = "Root"
    metersPerUnit = 1
    upAxis = "Z"
)

def Xform "Root"
{
    def Scope "Meshes"
    {
        def Scope "kitchen_3527"
        {
            def Xform "other_cooker_0000" (
                prepend references = @./Meshes/other_cooker_0000.usd@
            )
            {
                quatf xformOp:orient = (0.70710695, -0, 0, 0.7071066)
                float3 xformOp:scale = (1, 1, 1)
                double3 xformOp:translate = (-6.8763135452273625, 0.936976348876981, 0.831416836287477)
                uniform token[] xformOpOrder = ["xformOp:translate", "xformOp:orient", "xformOp:scale"]
            }

            def Xform "basin_0000" (
                prepend references = @./Meshes/basin_0000.usd@
            )
            {
                quatf xformOp:orient = (1, -0, 0, -0)
                float3 xformOp:scale = (1, 1, 1)
                double3 xformOp:translate = (-6.133317657308119, 2.5580617368703202, 0.6915681781140247)
                uniform token[] xformOpOrder = ["xformOp:translate", "xformOp:orient", "xformOp:scale"]
            }

            def Xform "bathroom_product_0000" (
                prepend references = @./Meshes/bathroom_product_0000.usd@
            )
            {
                quatf xformOp:orient = (1, -0, 0, -0)
                float3 xformOp:scale = (1, 1, 1)
                double3 xformOp:translate = (-6.133378267286526, 2.647330031836929, 1.0654910343110513)
                uniform token[] xformOpOrder = ["xformOp:translate", "xformOp:orient", "xformOp:scale"]
            }

            def Xform "fridge_0000" (
                prepend references = @./Meshes/fridge_0000.usd@
            )
            {
                quatf xformOp:orient = (6.123234e-17, -0, 0, -1)
                float3 xformOp:scale = (1, 1, 1)
                double3 xformOp:translate = (-5.6320275268621804, -0.1239931028063711, 0.9014647314453158)
                uniform token[] xformOpOrder = ["xformOp:translate", "xformOp:orient", "xformOp:scale"]
            }

            def Xform "range_hood_0000" (
                prepend references = @./Meshes/range_hood_0000.usd@
            )
            {
                quatf xformOp:orient = (0.70710695, -0, 0, 0.7071066)
                float3 xformOp:scale = (1.0048, 1.0046, 1.0047)
                double3 xformOp:translate = (-6.914889453845681, 0.9255967285612461, 2.013140698493951)
                uniform token[] xformOpOrder = ["xformOp:translate", "xformOp:orient", "xformOp:scale"]
            }

            def Xform "stool_0000" (
                prepend references = @./Meshes/stool_0000.usd@
            )
            {
                quatf xformOp:orient = (1.2167965e-8, -0, 0, 1)
                float3 xformOp:scale = (1, 1, 1)
                double3 xformOp:translate = (-6.451588699309415, -0.13323124694913419, 0.933704892975466)
                uniform token[] xformOpOrder = ["xformOp:translate", "xformOp:orient", "xformOp:scale"]
            }

            def Xform "tea_set_0000" (
                prepend references = @./Meshes/tea_set_0000.usd@
            )
            {
                quatf xformOp:orient = (1, -0, 0, -0)
                float3 xformOp:scale = (1, 1, 1)
                double3 xformOp:translate = (-5.6313546371359875, 2.3496757487998328, 0.8399326915530811)
                uniform token[] xformOpOrder = ["xformOp:translate", "xformOp:orient", "xformOp:scale"]
            }

            def Xform "cabinet_0009" (
                prepend references = @./Meshes/cabinet_0009.usd@
            )
            {
                quatf xformOp:orient = (1, -0, 0, -0)
                float3 xformOp:scale = (10, 10, 10)
                double3 xformOp:translate = (-6.892597816525529, 2.080264726472656, 1.9999995329379163)
                uniform token[] xformOpOrder = ["xformOp:translate", "xformOp:orient", "xformOp:scale"]
            }

            def Xform "cabinet_0010" (
                prepend references = @./Meshes/cabinet_0010.usd@
            )
            {
                quatf xformOp:orient = (1, -0, 0, -0)
                float3 xformOp:scale = (10, 10, 10)
                double3 xformOp:translate = (-6.660705616124999, 0.011332113491210976, 1.9999995289379167)
                uniform token[] xformOpOrder = ["xformOp:translate", "xformOp:orient", "xformOp:scale"]
            }

            def Xform "cabinet_0011" (
                prepend references = @./Meshes/cabinet_0011.usd@
            )
            {
                quatf xformOp:orient = (1, -0, 0, -0)
                float3 xformOp:scale = (10, 10, 10)
                double3 xformOp:translate = (-6.141473977953127, 1.16601892612207, 0.442964280154845)
                uniform token[] xformOpOrder = ["xformOp:translate", "xformOp:orient", "xformOp:scale"]
            }

            def Xform "ceiling_light_0000" (
                prepend references = @./Meshes/ceiling_light_0000.usd@
            )
            {
                quatf xformOp:orient = (0.70710677, -0, 0, 0.70710677)
                float3 xformOp:scale = (1.0029839, 0.50149196, 0.07423409)
                double3 xformOp:translate = (-6.101423906258604, 1.3368661330773899, 2.3840845033078613)
                uniform token[] xformOpOrder = ["xformOp:translate", "xformOp:orient", "xformOp:scale"]
            }

            def Xform "cookware_0000" (
                prepend references = @./Meshes/cookware_0000.usd@
            )
            {
                quatf xformOp:orient = (1, -0, 0, -0)
                float3 xformOp:scale = (1, 1, 1)
                double3 xformOp:translate = (-6.762199851993897, 2.7334442367893774, 0.9035560479406648)
                uniform token[] xformOpOrder = ["xformOp:translate", "xformOp:orient", "xformOp:scale"]
            }

            def Xform "bowl_0000" (
                prepend references = @./Meshes/bowl_0000.usd@
            )
            {
                quatf xformOp:orient = (0.7071068, -0, 0, -0.7071067)
                float3 xformOp:scale = (1, 1, 1)
                double3 xformOp:translate = (-6.875900527680056, 1.7529395358795452, 0.905373762928748)
                uniform token[] xformOpOrder = ["xformOp:translate", "xformOp:orient", "xformOp:scale"]
            }

            def Xform "bowl_0001" (
                prepend references = @./Meshes/bowl_0001.usd@
            )
            {
                quatf xformOp:orient = (0.7071068, -0, 0, -0.7071067)
                float3 xformOp:scale = (1, 1, 1)
                double3 xformOp:translate = (-6.872448444311637, 1.7497973722073088, 0.8878988669485374)
                uniform token[] xformOpOrder = ["xformOp:translate", "xformOp:orient", "xformOp:scale"]
            }

            def Xform "bowl_0002" (
                prepend references = @./Meshes/bowl_0002.usd@
            )
            {
                quatf xformOp:orient = (0.7071068, -0, 0, -0.7071067)
                float3 xformOp:scale = (1, 1, 1)
                double3 xformOp:translate = (-6.872598354369662, 1.7500785137134838, 0.8671521117848017)
                uniform token[] xformOpOrder = ["xformOp:translate", "xformOp:orient", "xformOp:scale"]
            }

            def Xform "bowl_0003" (
                prepend references = @./Meshes/bowl_0003.usd@
            )
            {
                quatf xformOp:orient = (0.7071068, -0, 0, -0.7071067)
                float3 xformOp:scale = (1, 1, 1)
                double3 xformOp:translate = (-6.872243850754013, 1.7498143955678256, 0.9247588889783972)
                uniform token[] xformOpOrder = ["xformOp:translate", "xformOp:orient", "xformOp:scale"]
            }

            def Xform "spoon_0000" (
                prepend references = @./Meshes/spoon_0000.usd@
            )
            {
                quatf xformOp:orient = (0.7071068, -0, 0, -0.7071067)
                float3 xformOp:scale = (1, 1, 1)
                double3 xformOp:translate = (-6.830517459692768, 1.7248358667249222, 0.9446846565599794)
                uniform token[] xformOpOrder = ["xformOp:translate", "xformOp:orient", "xformOp:scale"]
            }

            def Xform "tray_0000" (
                prepend references = @./Meshes/tray_0000.usd@
            )
            {
                quatf xformOp:orient = (0.7071068, -0, 0, -0.7071067)
                float3 xformOp:scale = (1, 1, 1)
                double3 xformOp:translate = (-6.804420845031252, 1.796766639713606, 0.8345630268370949)
                uniform token[] xformOpOrder = ["xformOp:translate", "xformOp:orient", "xformOp:scale"]
            }

            def Xform "tray_0001" (
                prepend references = @./Meshes/tray_0001.usd@
            )
            {
                quatf xformOp:orient = (0.7071068, -0, 0, -0.7071067)
                float3 xformOp:scale = (1, 1, 1)
                double3 xformOp:translate = (-7.000731201171886, 0.33505757141113407, 0.8335743228150742)
                uniform token[] xformOpOrder = ["xformOp:translate", "xformOp:orient", "xformOp:scale"]
            }
        }

        def Scope "bathroom_5837"
        {
            def Xform "basin_0001" (
                prepend references = @./Meshes/basin_0001.usd@
            )
            {
                quatf xformOp:orient = (0.7071068, -0, 0, -0.7071067)
                float3 xformOp:scale = (0.8492286, 1.0260878, 0.9285914)
                double3 xformOp:translate = (6.292115369456627, -3.4136816285922156, 0.8000095469219712)
                uniform token[] xformOpOrder = ["xformOp:translate", "xformOp:orient", "xformOp:scale"]
            }

            def Xform "bathroom_product_0001" (
                prepend references = @./Meshes/bathroom_product_0001.usd@
            )
            {
                quatf xformOp:orient = (0.7071069, -0, 0, -0.7071067)
                float3 xformOp:scale = (1, 1, 1)
                double3 xformOp:translate = (6.359485879341206, -1.7532917618545687, 1.5186751498886786)
                uniform token[] xformOpOrder = ["xformOp:translate", "xformOp:orient", "xformOp:scale"]
            }

            def Xform "bathroom_product_0002" (
                prepend references = @./Meshes/bathroom_product_0002.usd@
            )
            {
                quatf xformOp:orient = (1, -0, 0, -0)
                float3 xformOp:scale = (1.2225, 1, 1)
                double3 xformOp:translate = (5.616795409545939, -2.2063759327415533, 1.19999944516114)
                uniform token[] xformOpOrder = ["xformOp:translate", "xformOp:orient", "xformOp:scale"]

                over "Looks"
                {
                    over "MI_5a5d6ccd4242a6670829a5a1"
                    {
                        over "MI_5a275944b53276194e807c6c"
                        {
                            float inputs:FresnelB = 1.517
                            float inputs:Opacity = 0.1
                            float inputs:PolygonOffset = 0
                            float inputs:SwitchRefraction = 0
                        }
                    }

                    over "MI_5fb5e0fc5ea89f0001cd6a97"
                    {
                        over "MI_59f6a715f5c4513d1a6411a3"
                        {
                            float4 inputs:BaseColor_Color = (1, 1, 1, 1)
                            float4 inputs:Gloss_Color = (0.8, 0.8, 0.8, 1)
                            float4 inputs:Specular_Color = (0.5, 0.5, 0.5, 1)
                        }
                    }
                }
            }

            def Xform "bathroom_product_0003" (
                prepend references = @./Meshes/bathroom_product_0003.usd@
            )
            {
                quatf xformOp:orient = (0.7071068, -0, 0, -0.7071067)
                float3 xformOp:scale = (0.8492286, 1.0260878, 0.9285914)
                double3 xformOp:translate = (6.46890901357856, -3.413748942615656, 0.8691097152078008)
                uniform token[] xformOpOrder = ["xformOp:translate", "xformOp:orient", "xformOp:scale"]
            }

            def Xform "cabinet_0005" (
                prepend references = @./Meshes/cabinet_0005.usd@
            )
            {
                quatf xformOp:orient = (0.7071068, -0, 0, -0.7071067)
                float3 xformOp:scale = (0.8492286, 1.0260878, 0.9285914)
                double3 xformOp:translate = (6.317067990188851, -3.345256273626916, 0.3432484536386102)
                uniform token[] xformOpOrder = ["xformOp:translate", "xformOp:orient", "xformOp:scale"]
            }

            def Xform "closestool_0000" (
                prepend references = @./Meshes/closestool_0000.usd@
            )
            {
                quatf xformOp:orient = (0.7071069, -0, 0, -0.7071067)
                float3 xformOp:scale = (1, 1, 1)
                double3 xformOp:translate = (6.259953624231294, -2.590752677982282, 0.18065415942336477)
                uniform token[] xformOpOrder = ["xformOp:translate", "xformOp:orient", "xformOp:scale"]
            }

            def Xform "daily_equipment_0000" (
                prepend references = @./Meshes/daily_equipment_0000.usd@
            )
            {
                quatf xformOp:orient = (1, -0, 0, -0)
                float3 xformOp:scale = (1.2225, 1, 1)
                double3 xformOp:translate = (5.207230901460933, -2.261170025873444, 0.8853629552909369)
                uniform token[] xformOpOrder = ["xformOp:translate", "xformOp:orient", "xformOp:scale"]

                over "Meshes"
                {
                    over "daily_equipment_0000"
                    {
                        over "mesh_0000"
                        {
                            over "SM_Clutter_0007_Part_0000_144"
                            {
                                quatf xformOp:orient = (1, 0, 0, 0)
                                float3 xformOp:scale = (1, 1, 1)
                                double3 xformOp:translate = (0, 2.5652381922536733, 0)
                                uniform token[] xformOpOrder = ["xformOp:translate", "xformOp:orient", "xformOp:scale"]
                            }
                        }
                    }
                }
            }

            def Xform "mirror_0000" (
                prepend references = @./Meshes/mirror_0000.usd@
            )
            {
                quatf xformOp:orient = (0.7071068, -0, 0, -0.7071067)
                float3 xformOp:scale = (1, 1, 1)
                double3 xformOp:translate = (6.541347928074722, -3.3394828139362676, 1.5067647654869831)
                uniform token[] xformOpOrder = ["xformOp:translate", "xformOp:orient", "xformOp:scale"]
            }

            def Xform "ceiling_light_0001" (
                prepend references = @./Meshes/ceiling_light_0001.usd@
            )
            {
                quatf xformOp:orient = (0.70710677, -0, 0, 0.70710677)
                float3 xformOp:scale = (1, 1, 1)
                double3 xformOp:translate = (5.690383344717959, -2.572502306030663, 2.3464787586672977)
                uniform token[] xformOpOrder = ["xformOp:translate", "xformOp:orient", "xformOp:scale"]
            }
        }

        def Scope "bedroom_1957"
        {
            def Xform "throw_pillow_0000" (
                prepend references = @./Meshes/throw_pillow_0000.usd@
            )
            {
                quatf xformOp:orient = (1, -0, 0, -0)
                float3 xformOp:scale = (0.8679, 1, 1.0833)
                double3 xformOp:translate = (4.771985095376867, -4.404790351859386, 2.2478433227287815)
                uniform token[] xformOpOrder = ["xformOp:translate", "xformOp:orient", "xformOp:scale"]
            }

            def Xform "throw_pillow_0001" (
                prepend references = @./Meshes/throw_pillow_0001.usd@
            )
            {
                quatf xformOp:orient = (1, -0, 0, -0)
                float3 xformOp:scale = (0.8679, 1, 1.0833)
                double3 xformOp:translate = (5.510681384439367, -4.404790397635754, 2.248164111483387)
                uniform token[] xformOpOrder = ["xformOp:translate", "xformOp:orient", "xformOp:scale"]
            }

            def Xform "throw_pillow_0002" (
                prepend references = @./Meshes/throw_pillow_0002.usd@
            )
            {
                quatf xformOp:orient = (1, -0, 0, -0)
                float3 xformOp:scale = (0.8679, 1, 1.0833)
                double3 xformOp:translate = (6.224851306314368, -4.404790397635754, 2.2473065572789217)
                uniform token[] xformOpOrder = ["xformOp:translate", "xformOp:orient", "xformOp:scale"]
            }

            def Xform "throw_pillow_0005" (
                prepend references = @./Meshes/throw_pillow_0005.usd@
            )
            {
                quatf xformOp:orient = (0.7071068, -0, 0, -0.7071067)
                float3 xformOp:scale = (1, 1, 1)
                double3 xformOp:translate = (6.263704082489937, -6.027129058823942, 0.608120098114962)
                uniform token[] xformOpOrder = ["xformOp:translate", "xformOp:orient", "xformOp:scale"]
            }

            def Xform "throw_pillow_0006" (
                prepend references = @./Meshes/throw_pillow_0006.usd@
            )
            {
                quatf xformOp:orient = (0.7071068, -0, 0, -0.7071067)
                float3 xformOp:scale = (1, 1, 1)
                double3 xformOp:translate = (6.243020488741428, -7.024527786236493, 0.6149167442242848)
                uniform token[] xformOpOrder = ["xformOp:translate", "xformOp:orient", "xformOp:scale"]
            }

            def Xform "cabinet_0000" (
                prepend references = @./Meshes/cabinet_0000.usd@
            )
            {
                quatf xformOp:orient = (1, -0, 0, -0)
                float3 xformOp:scale = (0.8679, 1, 1.0833)
                double3 xformOp:translate = (5.497158723538682, -4.376700348136003, 1.299999432636622)
                uniform token[] xformOpOrder = ["xformOp:translate", "xformOp:orient", "xformOp:scale"]
            }

            def Xform "cabinet_0002" (
                prepend references = @./Meshes/cabinet_0002.usd@
            )
            {
                quatf xformOp:orient = (0.7071068, -0, 0, -0.7071067)
                float3 xformOp:scale = (1.0174475, 0.97813404, 0.7790084)
                double3 xformOp:translate = (6.333000237577424, -7.9440001761631756, 0.24999664137172659)
                uniform token[] xformOpOrder = ["xformOp:translate", "xformOp:orient", "xformOp:scale"]
            }

            def Xform "cabinet_0003" (
                prepend references = @./Meshes/cabinet_0003.usd@
            )
            {
                quatf xformOp:orient = (0.7071068, -0, 0, -0.7071067)
                float3 xformOp:scale = (1.0174475, 0.97813404, 0.7790084)
                double3 xformOp:translate = (6.314999749296174, -5.0859999930577064, 0.24999664137172659)
                uniform token[] xformOpOrder = ["xformOp:translate", "xformOp:orient", "xformOp:scale"]
            }

            def Xform "painting_0000" (
                prepend references = @./Meshes/painting_0000.usd@
            )
            {
                quatf xformOp:orient = (0.7071069, -0, 0, -0.7071067)
                float3 xformOp:scale = (1, 1, 1)
                double3 xformOp:translate = (6.5836339220999935, -6.478199813851604, 1.7386464635936973)
                uniform token[] xformOpOrder = ["xformOp:translate", "xformOp:orient", "xformOp:scale"]
            }

            def Xform "chandelier_0000" (
                prepend references = @./Meshes/chandelier_0000.usd@
            )
            {
                quatf xformOp:orient = (1, -0, 0, -0)
                float3 xformOp:scale = (1, 1, 1)
                double3 xformOp:translate = (4.9594392089619035, -6.328200317723504, 2.2116155074237067)
                uniform token[] xformOpOrder = ["xformOp:translate", "xformOp:orient", "xformOp:scale"]
            }

            def Xform "television_0001" (
                prepend references = @./Meshes/television_0001.usd@
            )
            {
                quatf xformOp:orient = (0.7071067, -0, 0, 0.7071069)
                float3 xformOp:scale = (0.828, 0.828, 0.828)
                double3 xformOp:translate = (3.40662794690247, -6.472596244987741, 1.1935139311233252)
                uniform token[] xformOpOrder = ["xformOp:translate", "xformOp:orient", "xformOp:scale"]
            }

            def Xform "curtain_0002" (
                prepend references = @./Meshes/curtain_0002.usd@
            )
            {
                quatf xformOp:orient = (1.3315805e-7, -0, 0, 1)
                float3 xformOp:scale = (1, 1, 1)
                double3 xformOp:translate = (4.725572339036659, -8.963176644589211, 1.7283833146254988)
                uniform token[] xformOpOrder = ["xformOp:translate", "xformOp:orient", "xformOp:scale"]
            }

            def Xform "bed_0001" (
                prepend references = @./Meshes/bed_0001.usd@
            )
            {
                quatf xformOp:orient = (0.7071068, -0, 0, -0.7071067)
                float3 xformOp:scale = (1, 1, 1)
                double3 xformOp:translate = (5.424910094575091, -6.511586060243808, 0.5236313716149368)
                uniform token[] xformOpOrder = ["xformOp:translate", "xformOp:orient", "xformOp:scale"]
            }

            def Xform "bedding_0002" (
                prepend references = @./Meshes/bedding_0002.usd@
            )
            {
                quatf xformOp:orient = (0.7071068, -0, 0, -0.7071067)
                float3 xformOp:scale = (1, 1, 1)
                double3 xformOp:translate = (4.651413636322525, -6.50975350784288, 0.5405616417649739)
                uniform token[] xformOpOrder = ["xformOp:translate", "xformOp:orient", "xformOp:scale"]
            }

            def Xform "bedding_0003" (
                prepend references = @./Meshes/bedding_0003.usd@
            )
            {
                quatf xformOp:orient = (0.7071068, -0, 0, -0.7071067)
                float3 xformOp:scale = (1, 1, 1)
                double3 xformOp:translate = (5.0068207853631534, -6.521406067127348, 0.4247960073619519)
                uniform token[] xformOpOrder = ["xformOp:translate", "xformOp:orient", "xformOp:scale"]
            }

            def Xform "pillow_0004" (
                prepend references = @./Meshes/pillow_0004.usd@
            )
            {
                quatf xformOp:orient = (0.7071068, -0, 0, -0.7071067)
                float3 xformOp:scale = (1, 1, 1)
                double3 xformOp:translate = (6.122588811979113, -6.98851824837138, 0.6941915112390413)
                uniform token[] xformOpOrder = ["xformOp:translate", "xformOp:orient", "xformOp:scale"]
            }

            def Xform "pillow_0005" (
                prepend references = @./Meshes/pillow_0005.usd@
            )
            {
                quatf xformOp:orient = (0.7071068, -0, 0, -0.7071067)
                float3 xformOp:scale = (1, 1, 1)
                double3 xformOp:translate = (6.13462866957616, -6.067238448600996, 0.6768976102019262)
                uniform token[] xformOpOrder = ["xformOp:translate", "xformOp:orient", "xformOp:scale"]
            }

            def Xform "spot_light_0004" (
                prepend references = @./Meshes/spot_light_0004.usd@
            )
            {
                quatf xformOp:orient = (1, -0, 0, -0)
                float3 xformOp:scale = (10, 10, 10)
                double3 xformOp:translate = (3.8116885267135316, -3.5006997811459843, 2.7475332405652586)
                uniform token[] xformOpOrder = ["xformOp:translate", "xformOp:orient", "xformOp:scale"]
            }
        }

        def Scope "livingroom_4761"
        {
            def Xform "cabinet_0001" (
                prepend references = @./Meshes/cabinet_0001.usd@
            )
            {
                quatf xformOp:orient = (1, -0, 0, -0)
                float3 xformOp:scale = (-1.2756517, 1.0319312, 1.1047976)
                double3 xformOp:translate = (-6.110597774867801, -0.9376399574356629, 1.299999459363791)
                uniform token[] xformOpOrder = ["xformOp:translate", "xformOp:orient", "xformOp:scale"]
            }

            def Xform "cabinet_0008" (
                prepend references = @./Meshes/cabinet_0008.usd@
            )
            {
                quatf xformOp:orient = (0.7071068, -0, 0, -0.7071067)
                float3 xformOp:scale = (0.68109995, 0.6595, 0.6595)
                double3 xformOp:translate = (-0.3497120771926378, -5.297935607859004, 0.2835055054112213)
                uniform token[] xformOpOrder = ["xformOp:translate", "xformOp:orient", "xformOp:scale"]
            }

            def Xform "painting_0002" (
                prepend references = @./Meshes/painting_0002.usd@
            )
            {
                quatf xformOp:orient = (0.7071068, -0, 0, -0.7071067)
                float3 xformOp:scale = (0.91823053, 1.8168993, 0.8422469)
                double3 xformOp:translate = (-1.9665177656494777, 0.1470889163336701, 1.4303981308143712)
                uniform token[] xformOpOrder = ["xformOp:translate", "xformOp:orient", "xformOp:scale"]
            }

            def Xform "painting_0003" (
                prepend references = @./Meshes/painting_0003.usd@
            )
            {
                quatf xformOp:orient = (0.70710677, -0, 0, 0.70710677)
                float3 xformOp:scale = (1, 1, 0.58556676)
                double3 xformOp:translate = (-4.6523767089843755, -4.299271406898755, 1.56839630889763)
                uniform token[] xformOpOrder = ["xformOp:translate", "xformOp:orient", "xformOp:scale"]
            }

            def Xform "painting_0004" (
                prepend references = @./Meshes/painting_0004.usd@
            )
            {
                quatf xformOp:orient = (0.70710677, -0, 0, 0.70710677)
                float3 xformOp:scale = (1, 1, 0.58556676)
                double3 xformOp:translate = (-4.630623474121093, -5.896784831438216, 1.3691688578697123)
                uniform token[] xformOpOrder = ["xformOp:translate", "xformOp:orient", "xformOp:scale"]
            }

            def Xform "table_0001" (
                prepend references = @./Meshes/table_0001.usd@
            )
            {
                quatf xformOp:orient = (0.70710695, -0, 0, 0.7071066)
                float3 xformOp:scale = (1, 1, 1)
                double3 xformOp:translate = (-4.32068244648968, -3.0134383087611814, 0.2789493882106668)
                uniform token[] xformOpOrder = ["xformOp:translate", "xformOp:orient", "xformOp:scale"]
            }

            def Xform "table_0002" (
                prepend references = @./Meshes/table_0002.usd@
            )
            {
                quatf xformOp:orient = (1, -0, 0, -0)
                float3 xformOp:scale = (1, 1, 1)
                double3 xformOp:translate = (-3.15096377, -0.057172890000000004, 0.34187040799651036)
                uniform token[] xformOpOrder = ["xformOp:translate", "xformOp:orient", "xformOp:scale"]
            }

            def Xform "chandelier_0002" (
                prepend references = @./Meshes/chandelier_0002.usd@
            )
            {
                quatf xformOp:orient = (0.70710677, -0, 0, 0.70710677)
                float3 xformOp:scale = (0.9436646, 1.1050812, 1.051953)
                double3 xformOp:translate = (-3.4003022943330046, 0.3243111803201555, 1.7960258177880641)
                uniform token[] xformOpOrder = ["xformOp:translate", "xformOp:orient", "xformOp:scale"]
            }

            def Xform "table_lamp_0000" (
                prepend references = @./Meshes/table_lamp_0000.usd@
            )
            {
                quatf xformOp:orient = (0.70710695, 0, 0, 0.7071066)
                float3 xformOp:scale = (1, 1, 1)
                double3 xformOp:translate = (-4.305894551047839, -3.0013386230817987, 0.8745330076803652)
                uniform token[] xformOpOrder = ["xformOp:translate", "xformOp:orient", "xformOp:scale"]
            }

            def Xform "television_0000" (
                prepend references = @./Meshes/television_0000.usd@
            )
            {
                quatf xformOp:orient = (0.7071069, -0, 0, -0.7071067)
                float3 xformOp:scale = (0.828, 0.828, 0.828)
                double3 xformOp:translate = (-0.17240313963389234, -5.313477354772137, 1.1007942764367715)
                uniform token[] xformOpOrder = ["xformOp:translate", "xformOp:orient", "xformOp:scale"]
            }

            def Xform "curtain_0000" (
                prepend references = @./Meshes/curtain_0000.usd@
            )
            {
                quatf xformOp:orient = (0.7071069, -0, 0, -0.7071067)
                float3 xformOp:scale = (0.9775, 1, 0.8378)
                double3 xformOp:translate = (-0.19139315227479775, -7.60996842463772, 1.3996190828529722)
                uniform token[] xformOpOrder = ["xformOp:translate", "xformOp:orient", "xformOp:scale"]
            }

            def Xform "curtain_0003" (
                prepend references = @./Meshes/curtain_0003.usd@
            )
            {
                quatf xformOp:orient = (1.3315805e-7, -0, 0, 1)
                float3 xformOp:scale = (1.0939695, 0.9162646, 1.000565)
                double3 xformOp:translate = (-3.8029915329409882, -8.062949949411108, 1.4015014350274577)
                uniform token[] xformOpOrder = ["xformOp:translate", "xformOp:orient", "xformOp:scale"]
            }

            def Xform "flower_0000" (
                prepend references = @./Meshes/flower_0000.usd@
            )
            {
                quatf xformOp:orient = (1, -0, 0, -0)
                float3 xformOp:scale = (-1.2756517, 1.0319312, 1.1047976)
                double3 xformOp:translate = (-6.143107968820036, -1.0004005365348838, 1.0086659858822442)
                uniform token[] xformOpOrder = ["xformOp:translate", "xformOp:orient", "xformOp:scale"]
            }

            def Xform "flower_0001" (
                prepend references = @./Meshes/flower_0001.usd@
            )
            {
                quatf xformOp:orient = (1, -0, 0, -0)
                float3 xformOp:scale = (-1.2756517, 1.0319312, 1.1047976)
                double3 xformOp:translate = (-6.889707875872315, -1.0462085189101888, 0.9964949106374112)
                uniform token[] xformOpOrder = ["xformOp:translate", "xformOp:orient", "xformOp:scale"]
            }

            def Xform "flower_0002" (
                prepend references = @./Meshes/flower_0002.usd@
            )
            {
                quatf xformOp:orient = (1, -0, 0, -0)
                float3 xformOp:scale = (-1.2756517, 1.0319312, 1.1047976)
                double3 xformOp:translate = (-6.503392452000512, -0.9980090016051887, 0.9994980323033309)
                uniform token[] xformOpOrder = ["xformOp:translate", "xformOp:orient", "xformOp:scale"]
            }

            def Xform "flower_0003" (
                prepend references = @./Meshes/flower_0003.usd@
            )
            {
                quatf xformOp:orient = (1, -0, 0, -0)
                float3 xformOp:scale = (-1.2756517, 1.0319312, 1.1047976)
                double3 xformOp:translate = (-6.577418117716637, -0.8881336534714874, 1.183390495658491)
                uniform token[] xformOpOrder = ["xformOp:translate", "xformOp:orient", "xformOp:scale"]
            }

            def Xform "flower_0004" (
                prepend references = @./Meshes/flower_0004.usd@
            )
            {
                quatf xformOp:orient = (1, -0, 0, -0)
                float3 xformOp:scale = (-1.2756517, 1.0319312, 1.1047976)
                double3 xformOp:translate = (-5.7323160796772505, -0.975957133494116, 1.1934209929396085)
                uniform token[] xformOpOrder = ["xformOp:translate", "xformOp:orient", "xformOp:scale"]
            }

            def Xform "flower_0005" (
                prepend references = @./Meshes/flower_0005.usd@
            )
            {
                quatf xformOp:orient = (1, -0, 0, -0)
                float3 xformOp:scale = (1, 1, 1)
                double3 xformOp:translate = (-3.2374496699999997, -0.050148479999999995, 0.793158925773854)
                uniform token[] xformOpOrder = ["xformOp:translate", "xformOp:orient", "xformOp:scale"]
            }

            def Xform "flower_0006" (
                prepend references = @./Meshes/flower_0006.usd@
            )
            {
                quatf xformOp:orient = (1, -0, 0, -0)
                float3 xformOp:scale = (1, 1, 1)
                double3 xformOp:translate = (-3.11327532, 0.05167302000000001, 0.9052244329594009)
                uniform token[] xformOpOrder = ["xformOp:translate", "xformOp:orient", "xformOp:scale"]
            }

            def Xform "vase_0000" (
                prepend references = @./Meshes/vase_0000.usd@
            )
            {
                quatf xformOp:orient = (1, -0, 0, -0)
                float3 xformOp:scale = (-1.2756517, 1.0319312, 1.1047976)
                double3 xformOp:translate = (-5.725341972490155, -0.9592838514918396, 1.0576262456834686)
                uniform token[] xformOpOrder = ["xformOp:translate", "xformOp:orient", "xformOp:scale"]
            }

            def Xform "vase_0001" (
                prepend references = @./Meshes/vase_0001.usd@
            )
            {
                quatf xformOp:orient = (1, -0, 0, -0)
                float3 xformOp:scale = (-1.2756517, 1.0319312, 1.1047976)
                double3 xformOp:translate = (-6.7211758933789545, -0.8859362843639378, 1.075668011008984)
                uniform token[] xformOpOrder = ["xformOp:translate", "xformOp:orient", "xformOp:scale"]
            }

            def Xform "ceiling_light_0002" (
                prepend references = @./Meshes/ceiling_light_0002.usd@
            )
            {
                quatf xformOp:orient = (1, -0, 0, -0)
                float3 xformOp:scale = (8, 8.000001, 8.000001)
                double3 xformOp:translate = (-5.477436614353304, -1.8000000009570118, 2.54877091105243)
                uniform token[] xformOpOrder = ["xformOp:translate", "xformOp:orient", "xformOp:scale"]
            }

            def Xform "spot_light_0000" (
                prepend references = @./Meshes/spot_light_0000.usd@
            )
            {
                quatf xformOp:orient = (1, -0, 0, -0)
                float3 xformOp:scale = (10, 10, 10)
                double3 xformOp:translate = (0.29999999999999655, -1.956618621893194, 2.745688795663125)
                uniform token[] xformOpOrder = ["xformOp:translate", "xformOp:orient", "xformOp:scale"]
            }

            def Xform "spot_light_0001" (
                prepend references = @./Meshes/spot_light_0001.usd@
            )
            {
                quatf xformOp:orient = (1, -0, 0, -0)
                float3 xformOp:scale = (10, 10, 10)
                double3 xformOp:translate = (1.4822361900947763, -1.9776238407106943, 2.7492600240393053)
                uniform token[] xformOpOrder = ["xformOp:translate", "xformOp:orient", "xformOp:scale"]
            }

            def Xform "spot_light_0002" (
                prepend references = @./Meshes/spot_light_0002.usd@
            )
            {
                quatf xformOp:orient = (1, -0, 0, -0)
                float3 xformOp:scale = (10, 10, 10)
                double3 xformOp:translate = (2.514662438711969, -1.9776238379017848, 2.7492600204572484)
                uniform token[] xformOpOrder = ["xformOp:translate", "xformOp:orient", "xformOp:scale"]
            }

            def Xform "spot_light_0003" (
                prepend references = @./Meshes/spot_light_0003.usd@
            )
            {
                quatf xformOp:orient = (1, -0, 0, -0)
                float3 xformOp:scale = (10, 10, 10)
                double3 xformOp:translate = (3.8116885574897608, -1.9776238390360943, 2.749260025049176)
                uniform token[] xformOpOrder = ["xformOp:translate", "xformOp:orient", "xformOp:scale"]
            }

            def Xform "chair_0000" (
                prepend references = @./Meshes/chair_0000.usd@
            )
            {
                quatf xformOp:orient = (1, -0, 0, -0)
                float3 xformOp:scale = (1, 1, 1)
                double3 xformOp:translate = (-2.71726527, -0.53321236, 0.40702443106486974)
                uniform token[] xformOpOrder = ["xformOp:translate", "xformOp:orient", "xformOp:scale"]
            }

            def Xform "chair_0001" (
                prepend references = @./Meshes/chair_0001.usd@
            )
            {
                quatf xformOp:orient = (1, -0, 0, -0)
                float3 xformOp:scale = (1, 1, 1)
                double3 xformOp:translate = (-3.4615631000000002, -0.50410788, 0.40702443106486974)
                uniform token[] xformOpOrder = ["xformOp:translate", "xformOp:orient", "xformOp:scale"]
            }

            def Xform "chair_0002" (
                prepend references = @./Meshes/chair_0002.usd@
            )
            {
                quatf xformOp:orient = (1, -0, 0, -0)
                float3 xformOp:scale = (1, 1, 1)
                double3 xformOp:translate = (-2.7273112700000004, 0.59387411, 0.40702443106486974)
                uniform token[] xformOpOrder = ["xformOp:translate", "xformOp:orient", "xformOp:scale"]
            }

            def Xform "chair_0003" (
                prepend references = @./Meshes/chair_0003.usd@
            )
            {
                quatf xformOp:orient = (1, -0, 0, -0)
                float3 xformOp:scale = (1, 1, 1)
                double3 xformOp:translate = (-3.5149922800000004, 0.36402042, 0.40702443106486974)
                uniform token[] xformOpOrder = ["xformOp:translate", "xformOp:orient", "xformOp:scale"]
            }

            def Xform "plate_0000" (
                prepend references = @./Meshes/plate_0000.usd@
            )
            {
                quatf xformOp:orient = (1, -0, 0, -0)
                float3 xformOp:scale = (1, 1, 1)
                double3 xformOp:translate = (-3.19362827, 0.00039171999999999997, 0.7063554133886002)
                uniform token[] xformOpOrder = ["xformOp:translate", "xformOp:orient", "xformOp:scale"]
            }

            def Xform "chandelier_0001" (
                prepend references = @./Meshes/chandelier_0001.usd@
            )
            {
                quatf xformOp:orient = (1, -0, 0, -0)
                float3 xformOp:scale = (1, 1, 1)
                double3 xformOp:translate = (-2.5477940334722002, -4.608564772260235, 1.7181284023380234)
                uniform token[] xformOpOrder = ["xformOp:translate", "xformOp:orient", "xformOp:scale"]

                over "Meshes"
                {
                    over "chandelier_0001"
                    {
                        over "mesh_0000" (
                            active = false
                        )
                        {
                        }

                        over "mesh_0001" (
                            active = false
                        )
                        {
                        }

                        over "mesh_0002" (
                            active = false
                        )
                        {
                        }

                        over "mesh_0003" (
                            active = false
                        )
                        {
                        }

                        over "light_0000"
                        {
                            float inputs:intensity = 3000
                        }
                    }
                }
            }
        }

        def Scope "bedroom_4463"
        {
            def Xform "cabinet_0004" (
                prepend references = @./Meshes/cabinet_0004.usd@
            )
            {
                quatf xformOp:orient = (1.3315805e-7, -0, 0, 1)
                float3 xformOp:scale = (0.8, 0.989097, 0.958431)
                double3 xformOp:translate = (5.587199102463695, -0.8343276070892518, 1.300240699818753)
                uniform token[] xformOpOrder = ["xformOp:translate", "xformOp:orient", "xformOp:scale"]
            }

            def Xform "cabinet_0006" (
                prepend references = @./Meshes/cabinet_0006.usd@
            )
            {
                quatf xformOp:orient = (0.7071068, -0, 0, -0.7071067)
                float3 xformOp:scale = (1, 1, 1)
                double3 xformOp:translate = (6.396135245896339, -0.1186644973618085, 0.265536969981341)
                uniform token[] xformOpOrder = ["xformOp:translate", "xformOp:orient", "xformOp:scale"]
            }

            def Xform "cabinet_0007" (
                prepend references = @./Meshes/cabinet_0007.usd@
            )
            {
                quatf xformOp:orient = (0.7071068, -0, 0, -0.7071067)
                float3 xformOp:scale = (0.75608367, 1.0105335, 1.0029896)
                double3 xformOp:translate = (6.3961357830735475, 2.506837625604513, 0.23078131393884882)
                uniform token[] xformOpOrder = ["xformOp:translate", "xformOp:orient", "xformOp:scale"]
            }

            def Xform "painting_0001" (
                prepend references = @./Meshes/painting_0001.usd@
            )
            {
                quatf xformOp:orient = (0.7071069, -0, 0, -0.7071067)
                float3 xformOp:scale = (0.8157, 1.1847, 0.96610004)
                double3 xformOp:translate = (6.574712021395185, 1.1682605976196567, 1.7043055591594518)
                uniform token[] xformOpOrder = ["xformOp:translate", "xformOp:orient", "xformOp:scale"]
            }

            def Xform "chandelier_0003" (
                prepend references = @./Meshes/chandelier_0003.usd@
            )
            {
                quatf xformOp:orient = (1, -0, 0, -0)
                float3 xformOp:scale = (1.5, 1.5, 1.5)
                double3 xformOp:translate = (5.08723783, 1.14828014, 1.9042784673977415)
                uniform token[] xformOpOrder = ["xformOp:translate", "xformOp:orient", "xformOp:scale"]
            }

            def Xform "table_lamp_0001" (
                prepend references = @./Meshes/table_lamp_0001.usd@
            )
            {
                quatf xformOp:orient = (1, -0, 0, -0)
                float3 xformOp:scale = (1.0025885, 0.9952812, 0.99331206)
                double3 xformOp:translate = (6.366999959608095, 2.4982568003165797, 0.7169838945866873)
                uniform token[] xformOpOrder = ["xformOp:translate", "xformOp:orient", "xformOp:scale"]
            }

            def Xform "curtain_0001" (
                prepend references = @./Meshes/curtain_0001.usd@
            )
            {
                quatf xformOp:orient = (1, -0, 0, -0)
                float3 xformOp:scale = (-1, 1, 1)
                double3 xformOp:translate = (4.474747007650247, 3.5096480146829268, 1.674023421319117)
                uniform token[] xformOpOrder = ["xformOp:translate", "xformOp:orient", "xformOp:scale"]
            }

            def Xform "storage_0000" (
                prepend references = @./Meshes/storage_0000.usd@
            )
            {
                quatf xformOp:orient = (1.3315805e-7, -0, 0, 1)
                float3 xformOp:scale = (1, 1, 1)
                double3 xformOp:translate = (4.67420979572263, -0.8698605178521761, 2.2801193584701305)
                uniform token[] xformOpOrder = ["xformOp:translate", "xformOp:orient", "xformOp:scale"]
            }

            def Xform "storage_0001" (
                prepend references = @./Meshes/storage_0001.usd@
            )
            {
                quatf xformOp:orient = (1.3315805e-7, -0, 0, 1)
                float3 xformOp:scale = (1, 1, 1)
                double3 xformOp:translate = (4.985364785182829, -0.8699713635018707, 2.2801901686724264)
                uniform token[] xformOpOrder = ["xformOp:translate", "xformOp:orient", "xformOp:scale"]
            }

            def Xform "storage_0002" (
                prepend references = @./Meshes/storage_0002.usd@
            )
            {
                quatf xformOp:orient = (1.3315805e-7, -0, 0, 1)
                float3 xformOp:scale = (1, 1, 1)
                double3 xformOp:translate = (4.662862424984163, -0.7844637497473796, 1.0128400761341412)
                uniform token[] xformOpOrder = ["xformOp:translate", "xformOp:orient", "xformOp:scale"]
            }

            def Xform "storage_0003" (
                prepend references = @./Meshes/storage_0003.usd@
            )
            {
                quatf xformOp:orient = (1.3315805e-7, -0, 0, 1)
                float3 xformOp:scale = (1, 1, 1)
                double3 xformOp:translate = (4.99031097480342, -0.7843241201724621, 1.0127460346614008)
                uniform token[] xformOpOrder = ["xformOp:translate", "xformOp:orient", "xformOp:scale"]
            }

            def Xform "bed_0000" (
                prepend references = @./Meshes/bed_0000.usd@
            )
            {
                quatf xformOp:orient = (0.7071068, -0, 0, -0.7071067)
                float3 xformOp:scale = (0.91053426, 1.1199168, 1.0334382)
                double3 xformOp:translate = (5.217215574686661, 1.1888359180839463, 0.5292620597238725)
                uniform token[] xformOpOrder = ["xformOp:translate", "xformOp:orient", "xformOp:scale"]
            }

            def Xform "bedding_0000" (
                prepend references = @./Meshes/bedding_0000.usd@
            )
            {
                quatf xformOp:orient = (0.7071068, -0, 0, -0.7071067)
                float3 xformOp:scale = (0.91053426, 1.1199168, 1.0334382)
                double3 xformOp:translate = (5.358854299483357, 1.1914263542537173, 0.47056588706510805)
                uniform token[] xformOpOrder = ["xformOp:translate", "xformOp:orient", "xformOp:scale"]
            }

            def Xform "bedding_0001" (
                prepend references = @./Meshes/bedding_0001.usd@
            )
            {
                quatf xformOp:orient = (0.7071068, -0, 0, -0.7071067)
                float3 xformOp:scale = (0.91053426, 1.1199168, 1.0334382)
                double3 xformOp:translate = (4.667898273350006, 1.1936480573344534, 0.43528630462871987)
                uniform token[] xformOpOrder = ["xformOp:translate", "xformOp:orient", "xformOp:scale"]
            }

            def Xform "pillow_0000" (
                prepend references = @./Meshes/pillow_0000.usd@
            )
            {
                quatf xformOp:orient = (0.7071068, -0, 0, -0.7071067)
                float3 xformOp:scale = (0.91053426, 1.1199168, 1.0334382)
                double3 xformOp:translate = (6.31422406132445, 1.5511873885929108, 0.7681815268703951)
                uniform token[] xformOpOrder = ["xformOp:translate", "xformOp:orient", "xformOp:scale"]
            }

            def Xform "pillow_0001" (
                prepend references = @./Meshes/pillow_0001.usd@
            )
            {
                quatf xformOp:orient = (0.7071068, -0, 0, -0.7071067)
                float3 xformOp:scale = (0.91053426, 1.1199168, 1.0334382)
                double3 xformOp:translate = (6.313068402064658, 0.8359061972181339, 0.769217033747255)
                uniform token[] xformOpOrder = ["xformOp:translate", "xformOp:orient", "xformOp:scale"]
            }

            def Xform "pillow_0002" (
                prepend references = @./Meshes/pillow_0002.usd@
            )
            {
                quatf xformOp:orient = (0.7071068, -0, 0, -0.7071067)
                float3 xformOp:scale = (0.91053426, 1.1199168, 1.0334382)
                double3 xformOp:translate = (5.687143265419374, 1.1843255558909285, 0.7208071508502166)
                uniform token[] xformOpOrder = ["xformOp:translate", "xformOp:orient", "xformOp:scale"]
            }

            def Xform "pillow_0003" (
                prepend references = @./Meshes/pillow_0003.usd@
            )
            {
                quatf xformOp:orient = (0.7071068, -0, 0, -0.7071067)
                float3 xformOp:scale = (0.91053426, 1.1199168, 1.0334382)
                double3 xformOp:translate = (5.984936351984725, 0.8347373163436447, 0.7140049701772744)
                uniform token[] xformOpOrder = ["xformOp:translate", "xformOp:orient", "xformOp:scale"]
            }

            def Xform "pillow_0006" (
                prepend references = @./Meshes/pillow_0006.usd@
            )
            {
                quatf xformOp:orient = (0.7071068, -0, 0, -0.7071067)
                float3 xformOp:scale = (0.91053, 1.11992, 1.03344)
                double3 xformOp:translate = (5.984936350000001, 1.5312173981763635, 0.7140051892759023)
                uniform token[] xformOpOrder = ["xformOp:translate", "xformOp:orient", "xformOp:scale"]
            }

            def Xform "book_0000" (
                prepend references = @./Meshes/book_0000.usd@
            )
            {
                quatf xformOp:orient = (0.7071068, -0, 0, -0.7071067)
                float3 xformOp:scale = (0.91053426, 1.1199168, 1.0334382)
                double3 xformOp:translate = (4.616082664405839, 1.2135082054583972, 0.6295009897821996)
                uniform token[] xformOpOrder = ["xformOp:translate", "xformOp:orient", "xformOp:scale"]
            }

            def Xform "ornament_0000" (
                prepend references = @./Meshes/ornament_0000.usd@
            )
            {
                quatf xformOp:orient = (0.7071068, -0, 0, -0.7071067)
                float3 xformOp:scale = (0.91053426, 1.1199168, 1.0334382)
                double3 xformOp:translate = (4.624411343761479, 1.250073594668515, 0.6810699347823028)
                uniform token[] xformOpOrder = ["xformOp:translate", "xformOp:orient", "xformOp:scale"]
            }

            def Xform "ornament_0001" (
                prepend references = @./Meshes/ornament_0001.usd@
            )
            {
                quatf xformOp:orient = (0.7071068, -0, 0, -0.7071067)
                float3 xformOp:scale = (0.886459, 0.9833782, 0.53250897)
                double3 xformOp:translate = (6.522200141072162, 0.002978209456417626, 0.6058254701516829)
                uniform token[] xformOpOrder = ["xformOp:translate", "xformOp:orient", "xformOp:scale"]
            }

            def Xform "ornament_0002" (
                prepend references = @./Meshes/ornament_0002.usd@
            )
            {
                quatf xformOp:orient = (0.7071068, -0, 0, -0.7071067)
                float3 xformOp:scale = (0.886459, 0.9833782, 0.53250897)
                double3 xformOp:translate = (6.304977271310625, -0.2801409793870457, 0.7144174335429017)
                uniform token[] xformOpOrder = ["xformOp:translate", "xformOp:orient", "xformOp:scale"]
            }

            def Xform "ornament_0003" (
                prepend references = @./Meshes/ornament_0003.usd@
            )
            {
                quatf xformOp:orient = (0.7071068, -0, 0, -0.7071067)
                float3 xformOp:scale = (0.886459, 0.9833782, 0.53250897)
                double3 xformOp:translate = (6.335850462940479, 0.02458293058212264, 0.5503229862412456)
                uniform token[] xformOpOrder = ["xformOp:translate", "xformOp:orient", "xformOp:scale"]
            }

            def Xform "cushion_0000" (
                prepend references = @./Meshes/cushion_0000.usd@
            )
            {
                quatf xformOp:orient = (1, -0, 0, -0)
                float3 xformOp:scale = (0.55799997, 0.6172, 1)
                double3 xformOp:translate = (4.932555263066174, 3.1898247648169376, 0.06340530462760613)
                uniform token[] xformOpOrder = ["xformOp:translate", "xformOp:orient", "xformOp:scale"]
            }
        }

        def Scope "wall"
        {
            def Xform "wall_0000" (
                prepend references = @./Meshes/wall_0000.usd@
            )
            {
                quatf xformOp:orient = (0.7071069, -0, 0, -0.7071067)
                float3 xformOp:scale = (0.6889, 1, 0.9426)
                double3 xformOp:translate = (6.584823100483248, -7.868344728056925, 1.3275612989420198)
                uniform token[] xformOpOrder = ["xformOp:translate", "xformOp:orient", "xformOp:scale"]
            }

            def Xform "wall_0001" (
                prepend references = @./Meshes/wall_0001.usd@
            )
            {
                quatf xformOp:orient = (0.7071069, -0, 0, -0.7071067)
                float3 xformOp:scale = (1.6143, 1, 0.9426)
                double3 xformOp:translate = (6.584823100483248, -6.483500978056925, 1.3275612989420198)
                uniform token[] xformOpOrder = ["xformOp:translate", "xformOp:orient", "xformOp:scale"]
            }

            def Xform "wall_0002" (
                prepend references = @./Meshes/wall_0002.usd@
            )
            {
                quatf xformOp:orient = (0.7071069, -0, 0, -0.7071067)
                float3 xformOp:scale = (0.6889, 1, 0.9426)
                double3 xformOp:translate = (6.585321147358248, -5.096625978056925, 1.3275612989420198)
                uniform token[] xformOpOrder = ["xformOp:translate", "xformOp:orient", "xformOp:scale"]
            }

            def Xform "wall_0003" (
                prepend references = @./Meshes/wall_0003.usd@
            )
            {
                quatf xformOp:orient = (0.7071068, -0, 0, -0.7071067)
                float3 xformOp:scale = (1.2861766, 0.8774546, 0.96295464)
                double3 xformOp:translate = (-0.134151221275919, -4.981360706093857, 2.0985594786341326)
                uniform token[] xformOpOrder = ["xformOp:translate", "xformOp:orient", "xformOp:scale"]
            }

            def Xform "wall_0004" (
                prepend references = @./Meshes/wall_0004.usd@
            )
            {
                quatf xformOp:orient = (0.7071068, -0, 0, -0.7071067)
                float3 xformOp:scale = (1.2861766, 0.8774546, 0.96295464)
                double3 xformOp:translate = (-0.1340043539531867, -5.162711387299574, 1.6915744182078503)
                uniform token[] xformOpOrder = ["xformOp:translate", "xformOp:orient", "xformOp:scale"]
            }

            def Xform "wall_0005" (
                prepend references = @./Meshes/wall_0005.usd@
            )
            {
                quatf xformOp:orient = (0.7071068, -0, 0, -0.7071067)
                float3 xformOp:scale = (1.2861766, 0.8774546, 0.96295464)
                double3 xformOp:translate = (-0.13398371719774912, -6.5273883051533055, 1.6471441867926373)
                uniform token[] xformOpOrder = ["xformOp:translate", "xformOp:orient", "xformOp:scale"]
            }

            def Xform "wall_0006" (
                prepend references = @./Meshes/wall_0006.usd@
            )
            {
                quatf xformOp:orient = (0.7071068, -0, 0, -0.7071067)
                float3 xformOp:scale = (1.2861766, 0.8774546, 0.96295464)
                double3 xformOp:translate = (-0.13348898074850096, -5.8650831642283325, 2.051313946364964)
                uniform token[] xformOpOrder = ["xformOp:translate", "xformOp:orient", "xformOp:scale"]
            }

            def Xform "wall_0007" (
                prepend references = @./Meshes/wall_0007.usd@
            )
            {
                quatf xformOp:orient = (0.7071068, -0, 0, -0.7071067)
                float3 xformOp:scale = (1.2861766, 0.8774546, 0.96295464)
                double3 xformOp:translate = (-0.137010491531002, -4.744181515966709, 1.2995726194163706)
                uniform token[] xformOpOrder = ["xformOp:translate", "xformOp:orient", "xformOp:scale"]
            }

            def Xform "wall_0008" (
                prepend references = @./Meshes/wall_0008.usd@
            )
            {
                quatf xformOp:orient = (0.70710677, -0, 0, 0.70710677)
                float3 xformOp:scale = (1.2244685, 1.5784686, 0.9286046)
                double3 xformOp:translate = (-4.676433450208417, -5.505516083412476, 1.299999545456493)
                uniform token[] xformOpOrder = ["xformOp:translate", "xformOp:orient", "xformOp:scale"]
            }

            def Xform "wall_0009" (
                prepend references = @./Meshes/wall_0009.usd@
            )
            {
                quatf xformOp:orient = (0.7071068, -0, 0, -0.7071067)
                float3 xformOp:scale = (0.6105731, 0.97365946, 1.04004)
                double3 xformOp:translate = (-1.9479198599379062, 0.1591844937972153, 1.2999994484993267)
                uniform token[] xformOpOrder = ["xformOp:translate", "xformOp:orient", "xformOp:scale"]
            }

            def Xform "wall_0010" (
                prepend references = @./Meshes/wall_0010.usd@
            )
            {
                quatf xformOp:orient = (0.7071068, -0, 0, -0.7071067)
                float3 xformOp:scale = (0.8507842, 1.5922548, 0.963)
                double3 xformOp:translate = (-1.9488396803891146, 0.19529148172417948, 1.2999994132143968)
                uniform token[] xformOpOrder = ["xformOp:translate", "xformOp:orient", "xformOp:scale"]
            }

            def Xform "wall_0011" (
                prepend references = @./Meshes/wall_0011.usd@
            )
            {
                quatf xformOp:orient = (0.7071068, -0, 0, -0.7071067)
                float3 xformOp:scale = (1.7028995, 2.0013666, 1.04004)
                double3 xformOp:translate = (-1.9468384748323013, -0.8636431119161351, 1.299999470555055)
                uniform token[] xformOpOrder = ["xformOp:translate", "xformOp:orient", "xformOp:scale"]
            }

            def Xform "wall_0012" (
                prepend references = @./Meshes/wall_0012.usd@
            )
            {
                quatf xformOp:orient = (1, -0, 0, -0)
                float3 xformOp:scale = (10, 10, 10)
                double3 xformOp:translate = (-1.8099800099999999, 0.27588501000000004, 1.3998949093791655)
                uniform token[] xformOpOrder = ["xformOp:translate", "xformOp:orient", "xformOp:scale"]
            }

            def Xform "wall_0013" (
                prepend references = @./Meshes/wall_0013.usd@
            )
            {
                quatf xformOp:orient = (1, -0, 0, -0)
                float3 xformOp:scale = (10, 10, 10)
                double3 xformOp:translate = (-3.34486504, 1.81759003, 1.3998949093791655)
                uniform token[] xformOpOrder = ["xformOp:translate", "xformOp:orient", "xformOp:scale"]
            }

            def Xform "wall_0014" (
                prepend references = @./Meshes/wall_0014.usd@
            )
            {
                quatf xformOp:orient = (1, -0, 0, -0)
                float3 xformOp:scale = (10, 10, 10)
                double3 xformOp:translate = (-6.14148514, 2.95304993, 1.3999949093791657)
                uniform token[] xformOpOrder = ["xformOp:translate", "xformOp:orient", "xformOp:scale"]
            }

            def Xform "wall_0015" (
                prepend references = @./Meshes/wall_0015.usd@
            )
            {
                quatf xformOp:orient = (1, -0, 0, -0)
                float3 xformOp:scale = (10, 10, 10)
                double3 xformOp:translate = (-6.14148514, -0.627015, 1.3998949093791655)
                uniform token[] xformOpOrder = ["xformOp:translate", "xformOp:orient", "xformOp:scale"]
            }

            def Xform "wall_0016" (
                prepend references = @./Meshes/wall_0016.usd@
            )
            {
                quatf xformOp:orient = (1, -0, 0, -0)
                float3 xformOp:scale = (10, 10, 10)
                double3 xformOp:translate = (6.71014008, -2.72432007, 1.3998949093791655)
                uniform token[] xformOpOrder = ["xformOp:translate", "xformOp:orient", "xformOp:scale"]
            }

            def Xform "wall_0017" (
                prepend references = @./Meshes/wall_0017.usd@
            )
            {
                quatf xformOp:orient = (1, -0, 0, -0)
                float3 xformOp:scale = (10, 10, 10)
                double3 xformOp:translate = (6.14703003, -8.77859985, 1.3998949093791655)
                uniform token[] xformOpOrder = ["xformOp:translate", "xformOp:orient", "xformOp:scale"]
            }

            def Xform "wall_0018" (
                prepend references = @./Meshes/wall_0018.usd@
            )
            {
                quatf xformOp:orient = (1, -0, 0, -0)
                float3 xformOp:scale = (10, 10, 10)
                double3 xformOp:translate = (-7.26532013, 0.05740494, 1.3998949093791655)
                uniform token[] xformOpOrder = ["xformOp:translate", "xformOp:orient", "xformOp:scale"]
            }

            def Xform "wall_0019" (
                prepend references = @./Meshes/wall_0019.usd@
            )
            {
                quatf xformOp:orient = (1, -0, 0, -0)
                float3 xformOp:scale = (10, 10, 10)
                double3 xformOp:translate = (6.282279969999999, 2.94714996, 1.3999949093791657)
                uniform token[] xformOpOrder = ["xformOp:translate", "xformOp:orient", "xformOp:scale"]
            }

            def Xform "wall_0020" (
                prepend references = @./Meshes/wall_0020.usd@
            )
            {
                quatf xformOp:orient = (1, -0, 0, -0)
                float3 xformOp:scale = (10, 10, 10)
                double3 xformOp:translate = (5.20701996, -9.161510009999999, 1.3998949093791655)
                uniform token[] xformOpOrder = ["xformOp:translate", "xformOp:orient", "xformOp:scale"]
            }

            def Xform "wall_0021" (
                prepend references = @./Meshes/wall_0021.usd@
            )
            {
                quatf xformOp:orient = (1, -0, 0, -0)
                float3 xformOp:scale = (10, 10, 10)
                double3 xformOp:translate = (3.27209991, -5.56384506, 1.3998949093791655)
                uniform token[] xformOpOrder = ["xformOp:translate", "xformOp:orient", "xformOp:scale"]
            }

            def Xform "wall_0022" (
                prepend references = @./Meshes/wall_0022.usd@
            )
            {
                quatf xformOp:orient = (1, -0, 0, -0)
                float3 xformOp:scale = (10, 10, 10)
                double3 xformOp:translate = (2.38712486, -1.2540199699999999, 1.3998853730875997)
                uniform token[] xformOpOrder = ["xformOp:translate", "xformOp:orient", "xformOp:scale"]
            }

            def Xform "wall_0023" (
                prepend references = @./Meshes/wall_0023.usd@
            )
            {
                quatf xformOp:orient = (1, -0, 0, -0)
                float3 xformOp:scale = (10, 10, 10)
                double3 xformOp:translate = (6.4285852100000005, -8.39569, 1.3998949093791655)
                uniform token[] xformOpOrder = ["xformOp:translate", "xformOp:orient", "xformOp:scale"]
            }

            def Xform "wall_0024" (
                prepend references = @./Meshes/wall_0024.usd@
            )
            {
                quatf xformOp:orient = (1, -0, 0, -0)
                float3 xformOp:scale = (10, 10, 10)
                double3 xformOp:translate = (-5.01164993, 0.90946491, 1.3998949093791655)
                uniform token[] xformOpOrder = ["xformOp:translate", "xformOp:orient", "xformOp:scale"]
            }

            def Xform "wall_0025" (
                prepend references = @./Meshes/wall_0025.usd@
            )
            {
                quatf xformOp:orient = (1, -0, 0, -0)
                float3 xformOp:scale = (10, 10, 10)
                double3 xformOp:translate = (-0.00433, -5.497845, 1.3998949093791655)
                uniform token[] xformOpOrder = ["xformOp:translate", "xformOp:orient", "xformOp:scale"]
            }

            def Xform "wall_0026" (
                prepend references = @./Meshes/wall_0026.usd@
            )
            {
                quatf xformOp:orient = (1, -0, 0, -0)
                float3 xformOp:scale = (10, 10, 10)
                double3 xformOp:translate = (4.51320007, -2.66019501, 1.3998949093791655)
                uniform token[] xformOpOrder = ["xformOp:translate", "xformOp:orient", "xformOp:scale"]
            }

            def Xform "wall_0027" (
                prepend references = @./Meshes/wall_0027.usd@
            )
            {
                quatf xformOp:orient = (1, -0, 0, -0)
                float3 xformOp:scale = (10, 10, 10)
                double3 xformOp:translate = (2.19148507, -2.5941999800000004, 1.3998949093791655)
                uniform token[] xformOpOrder = ["xformOp:translate", "xformOp:orient", "xformOp:scale"]
            }

            def Xform "wall_0028" (
                prepend references = @./Meshes/wall_0028.usd@
            )
            {
                quatf xformOp:orient = (1, -0, 0, -0)
                float3 xformOp:scale = (10, 10, 10)
                double3 xformOp:translate = (4.93673492, 3.68783997, 1.3999949093791657)
                uniform token[] xformOpOrder = ["xformOp:translate", "xformOp:orient", "xformOp:scale"]
            }

            def Xform "wall_0029" (
                prepend references = @./Meshes/wall_0029.usd@
            )
            {
                quatf xformOp:orient = (1, -0, 0, -0)
                float3 xformOp:scale = (10, 10, 10)
                double3 xformOp:translate = (4.267010040000001, -8.77859497, 1.3998949093791655)
                uniform token[] xformOpOrder = ["xformOp:translate", "xformOp:orient", "xformOp:scale"]
            }

            def Xform "wall_0030" (
                prepend references = @./Meshes/wall_0030.usd@
            )
            {
                quatf xformOp:orient = (1, -0, 0, -0)
                float3 xformOp:scale = (10, 10, 10)
                double3 xformOp:translate = (4.01915009, 3.3174949600000003, 1.3999949093791657)
                uniform token[] xformOpOrder = ["xformOp:translate", "xformOp:orient", "xformOp:scale"]
            }

            def Xform "wall_0031" (
                prepend references = @./Meshes/wall_0031.usd@
            )
            {
                quatf xformOp:orient = (1, -0, 0, -0)
                float3 xformOp:scale = (10, 10, 10)
                double3 xformOp:translate = (-4.810189970000001, -5.613964999999999, 1.3998949093791655)
                uniform token[] xformOpOrder = ["xformOp:translate", "xformOp:orient", "xformOp:scale"]
            }

            def Xform "wall_0032" (
                prepend references = @./Meshes/wall_0032.usd@
            )
            {
                quatf xformOp:orient = (1, -0, 0, -0)
                float3 xformOp:scale = (10, 10, 10)
                double3 xformOp:translate = (-6.037755130000001, -2.83223999, 1.3998949093791655)
                uniform token[] xformOpOrder = ["xformOp:translate", "xformOp:orient", "xformOp:scale"]
            }

            def Xform "wall_0033" (
                prepend references = @./Meshes/wall_0033.usd@
            )
            {
                quatf xformOp:orient = (1, -0, 0, -0)
                float3 xformOp:scale = (10, 10, 10)
                double3 xformOp:translate = (5.85431976, 3.3174949600000003, 1.3999949093791657)
                uniform token[] xformOpOrder = ["xformOp:translate", "xformOp:orient", "xformOp:scale"]
            }

            def Xform "wall_0034" (
                prepend references = @./Meshes/wall_0034.usd@
            )
            {
                quatf xformOp:orient = (1, -0, 0, -0)
                float3 xformOp:scale = (10, 10, 10)
                double3 xformOp:translate = (3.77250504, -8.39569, 1.3998949093791655)
                uniform token[] xformOpOrder = ["xformOp:translate", "xformOp:orient", "xformOp:scale"]
            }

            def Xform "wall_0035" (
                prepend references = @./Meshes/wall_0035.usd@
            )
            {
                quatf xformOp:orient = (1, -0, 0, -0)
                float3 xformOp:scale = (10, 10, 10)
                double3 xformOp:translate = (-2.41020994, -8.39569, 1.3998949093791655)
                uniform token[] xformOpOrder = ["xformOp:translate", "xformOp:orient", "xformOp:scale"]
            }

            def Xform "wall_0036" (
                prepend references = @./Meshes/wall_0036.usd@
            )
            {
                quatf xformOp:orient = (1, -0, 0, -0)
                float3 xformOp:scale = (10, 10, 10)
                double3 xformOp:translate = (3.64852509, 2.94714996, 1.3999949093791657)
                uniform token[] xformOpOrder = ["xformOp:translate", "xformOp:orient", "xformOp:scale"]
            }

            def Xform "wall_0037" (
                prepend references = @./Meshes/wall_0037.usd@
            )
            {
                quatf xformOp:orient = (1, -0, 0, -0)
                float3 xformOp:scale = (10, 10, 10)
                double3 xformOp:translate = (5.55166489, -3.9404699699999997, 1.3998948693791657)
                uniform token[] xformOpOrder = ["xformOp:translate", "xformOp:orient", "xformOp:scale"]
            }

            def Xform "wall_0038" (
                prepend references = @./Meshes/wall_0038.usd@
            )
            {
                quatf xformOp:orient = (1, -0, 0, -0)
                float3 xformOp:scale = (10, 10, 10)
                double3 xformOp:translate = (3.27790009, 0.90956497, 1.3999949093791657)
                uniform token[] xformOpOrder = ["xformOp:translate", "xformOp:orient", "xformOp:scale"]
            }
        }

        def Scope "other"
        {
            def Xform "door_handle_0000" (
                prepend references = @./Meshes/door_handle_0000.usd@
            )
            {
                quatf xformOp:orient = (0.7071069, -0, 0, -0.7071067)
                float3 xformOp:scale = (1, 1, 1)
                double3 xformOp:translate = (0.01673267597978711, -7.740689370869047, 0.9289363462389749)
                uniform token[] xformOpOrder = ["xformOp:translate", "xformOp:orient", "xformOp:scale"]

                over "Meshes"
                {
                    over "door_handle_0000"
                    {
                        over "mesh_0000"
                        {
                            token visibility = "invisible"
                        }

                        over "mesh_0001"
                        {
                            token visibility = "invisible"
                        }
                    }
                }
            }

            def Xform "doorsill_0000" (
                prepend references = @./Meshes/doorsill_0000.usd@
            )
            {
                quatf xformOp:orient = (1, -0, 0, -0)
                float3 xformOp:scale = (10, 10, 10)
                double3 xformOp:translate = (3.83649908, -2.5941984000000002, 0.0049949093791656195)
                uniform token[] xformOpOrder = ["xformOp:translate", "xformOp:orient", "xformOp:scale"]
            }

            def Xform "doorsill_0001" (
                prepend references = @./Meshes/doorsill_0001.usd@
            )
            {
                quatf xformOp:orient = (1, -0, 0, -0)
                float3 xformOp:scale = (10, 10, 10)
                double3 xformOp:translate = (4.51920026, -3.31447356, 0.0049949093791656195)
                uniform token[] xformOpOrder = ["xformOp:translate", "xformOp:orient", "xformOp:scale"]
            }

            def Xform "doorsill_0002" (
                prepend references = @./Meshes/doorsill_0002.usd@
            )
            {
                quatf xformOp:orient = (1, -0, 0, -0)
                float3 xformOp:scale = (10, 10, 10)
                double3 xformOp:translate = (-5.01164827, 0.79769252, 0.0049949093791656195)
                uniform token[] xformOpOrder = ["xformOp:translate", "xformOp:orient", "xformOp:scale"]
            }

            def Xform "doorsill_0003" (
                prepend references = @./Meshes/doorsill_0003.usd@
            )
            {
                quatf xformOp:orient = (1, -0, 0, -0)
                float3 xformOp:scale = (10, 10, 10)
                double3 xformOp:translate = (3.8720570600000004, -1.25392305, 0.0049949093791656195)
                uniform token[] xformOpOrder = ["xformOp:translate", "xformOp:orient", "xformOp:scale"]
            }

            def Xform "doorsill_0004" (
                prepend references = @./Meshes/doorsill_0004.usd@
            )
            {
                quatf xformOp:orient = (1, -0, 0, -0)
                float3 xformOp:scale = (10, 10, 10)
                double3 xformOp:translate = (-7.27131603, -2.09530057, 0.0007949093910865486)
                uniform token[] xformOpOrder = ["xformOp:translate", "xformOp:orient", "xformOp:scale"]
            }

            def Xform "window_0000" (
                prepend references = @./Meshes/window_0000.usd@
            )
            {
                quatf xformOp:orient = (1, -0, 0, -0)
                float3 xformOp:scale = (1, 1, 1)
                double3 xformOp:translate = (6.2047322199999995, -8.78459681, 1.5000023188183595)
                uniform token[] xformOpOrder = ["xformOp:translate", "xformOp:orient", "xformOp:scale"]
            }

            def Xform "window_0001" (
                prepend references = @./Meshes/window_0001.usd@
            )
            {
                quatf xformOp:orient = (1, -0, 0, -0)
                float3 xformOp:scale = (1, 1, 1)
                double3 xformOp:translate = (5.20702098, -9.13395195, 1.4999995209379167)
                uniform token[] xformOpOrder = ["xformOp:translate", "xformOp:orient", "xformOp:scale"]
            }

            def Xform "window_0002" (
                prepend references = @./Meshes/window_0002.usd@
            )
            {
                quatf xformOp:orient = (1, -0, 0, -0)
                float3 xformOp:scale = (1, 1, 1)
                double3 xformOp:translate = (-1.1242298099999999, -8.45563347, 1.741499520937917)
                uniform token[] xformOpOrder = ["xformOp:translate", "xformOp:orient", "xformOp:scale"]
            }

            def Xform "window_0003" (
                prepend references = @./Meshes/window_0003.usd@
            )
            {
                quatf xformOp:orient = (1, -0, 0, -0)
                float3 xformOp:scale = (1, 1, 1)
                double3 xformOp:translate = (4.93673292, 3.65575761, 1.4999995209379167)
                uniform token[] xformOpOrder = ["xformOp:translate", "xformOp:orient", "xformOp:scale"]
            }

            def Xform "window_0004" (
                prepend references = @./Meshes/window_0004.usd@
            )
            {
                quatf xformOp:orient = (1, -0, 0, -0)
                float3 xformOp:scale = (1, 1, 1)
                double3 xformOp:translate = (-5.93164794, 2.91506914, 1.4999995209379167)
                uniform token[] xformOpOrder = ["xformOp:translate", "xformOp:orient", "xformOp:scale"]
            }

            def Xform "window_0005" (
                prepend references = @./Meshes/window_0005.usd@
            )
            {
                quatf xformOp:orient = (1, -0, 0, -0)
                float3 xformOp:scale = (1, 1, 1)
                double3 xformOp:translate = (0.08366993, -7.68418761, 1.2414995009379166)
                uniform token[] xformOpOrder = ["xformOp:translate", "xformOp:orient", "xformOp:scale"]
            }

            def Xform "door_0000" (
                prepend references = @./Meshes/door_0000.usd@
            )
            {
                quatf xformOp:orient = (1, -0, 0, -0)
                float3 xformOp:scale = (1, 1, 1)
                double3 xformOp:translate = (-5.01164856, 0.7976924200000001, 1.0497494909379166)
                uniform token[] xformOpOrder = ["xformOp:translate", "xformOp:orient", "xformOp:scale"]

                over "Meshes"
                {
                    over "door_0000"
                    {
                        over "physics_constraint_0001"
                        {
                            token visibility = "invisible"
                        }

                        over "physics_constraint_0002"
                        {
                            token visibility = "invisible"
                        }

                        over "group_0001"
                        {
                            token visibility = "invisible"
                        }

                        over "group_0002"
                        {
                            token visibility = "invisible"
                        }
                    }
                }
            }

            def Xform "door_0001" (
                prepend references = @./Meshes/door_0001.usd@
            )
            {
                quatf xformOp:orient = (1, -0, 0, -0)
                float3 xformOp:scale = (1, 1, 1)
                double3 xformOp:translate = (4.51919989, -3.31447407, 1.2459994924379167)
                uniform token[] xformOpOrder = ["xformOp:translate", "xformOp:orient", "xformOp:scale"]

                over "Meshes"
                {
                    over "door_0001"
                    {
                        over "physics_constraint_0001"
                        {
                            token visibility = "invisible"
                        }

                        over "group_0001"
                        {
                            token visibility = "invisible"
                        }
                    }
                }
            }

            def Xform "door_0002" (
                prepend references = @./Meshes/door_0002.usd@
            )
            {
                quatf xformOp:orient = (1, -0, 0, -0)
                float3 xformOp:scale = (1, 1, 1)
                double3 xformOp:translate = (-7.25073953, -2.09530114, 1.2539994914379167)
                uniform token[] xformOpOrder = ["xformOp:translate", "xformOp:orient", "xformOp:scale"]

                over "Meshes"
                {
                    over "door_0002"
                    {
                        over "physics_constraint_0001"
                        {
                            token visibility = "invisible"
                        }
                    }
                }
            }

            def Xform "door_0003" (
                prepend references = @./Meshes/door_0003.usd@
            )
            {
                quatf xformOp:orient = (1, -0, 0, -0)
                float3 xformOp:scale = (1, 1, 1)
                double3 xformOp:translate = (3.87205695, -1.23446775, 1.067999483937917)
                uniform token[] xformOpOrder = ["xformOp:translate", "xformOp:orient", "xformOp:scale"]

                over "Meshes"
                {
                    over "door_0003"
                    {
                        over "physics_constraint_0001"
                        {
                            token visibility = "invisible"
                        }

                        over "group_0001"
                        {
                            token visibility = "invisible"
                        }
                    }
                }
            }

            def Xform "door_0004" (
                prepend references = @./Meshes/door_0004.usd@
            )
            {
                quatf xformOp:orient = (1, -0, 0, -0)
                float3 xformOp:scale = (1, 1, 1)
                double3 xformOp:translate = (3.83649921, -2.61355098, 1.067999483937917)
                uniform token[] xformOpOrder = ["xformOp:translate", "xformOp:orient", "xformOp:scale"]

                over "Meshes"
                {
                    over "door_0004"
                    {
                        over "physics_constraint_0001"
                        {
                            token visibility = "invisible"
                        }

                        over "group_0001"
                        {
                            token visibility = "invisible"
                        }
                    }
                }
            }
        }

        def Scope "ceiling"
        {
            def Xform "ceiling_0000" (
                prepend references = @./Meshes/ceiling_0000.usd@
            )
            {
                quatf xformOp:orient = (1, -0, 0, -0)
                float3 xformOp:scale = (1.1316484, 0.1795086, 0.9331268)
                double3 xformOp:translate = (-5.923945150541331, -2.0440496244422093, 2.6605499025443016)
                uniform token[] xformOpOrder = ["xformOp:translate", "xformOp:orient", "xformOp:scale"]
            }

            def Xform "ceiling_0001" (
                prepend references = @./Meshes/ceiling_0001.usd@
            )
            {
                quatf xformOp:orient = (1, -0, 0, -0)
                float3 xformOp:scale = (1.1316484, 0.093429044, 0.9331268)
                double3 xformOp:translate = (-6.104241781400706, -1.0193444358048953, 2.6605499025443016)
                uniform token[] xformOpOrder = ["xformOp:translate", "xformOp:orient", "xformOp:scale"]
            }

            def Xform "ceiling_0002" (
                prepend references = @./Meshes/ceiling_0002.usd@
            )
            {
                quatf xformOp:orient = (1, -0, 0, -0)
                float3 xformOp:scale = (0.6190646, 1.4247985, 0.44039965)
                double3 xformOp:translate = (-2.410210876464844, -4.727093200683594, 2.700911030692051)
                uniform token[] xformOpOrder = ["xformOp:translate", "xformOp:orient", "xformOp:scale"]
            }

            def Xform "ceiling_0003" (
                prepend references = @./Meshes/ceiling_0003.usd@
            )
            {
                quatf xformOp:orient = (1, -0, 0, -0)
                float3 xformOp:scale = (0.6190646, 1.4247985, 0.44039965)
                double3 xformOp:translate = (-4.347876892089844, -1.9153673659942283, 2.6009098781549307)
                uniform token[] xformOpOrder = ["xformOp:translate", "xformOp:orient", "xformOp:scale"]
            }

            def Xform "ceiling_0004" (
                prepend references = @./Meshes/ceiling_0004.usd@
            )
            {
                quatf xformOp:orient = (1, -0, 0, -0)
                float3 xformOp:scale = (0.6190646, 1.4247985, 0.44039965)
                double3 xformOp:translate = (-4.347876892089844, -7.5264378532898935, 2.600909768062999)
                uniform token[] xformOpOrder = ["xformOp:translate", "xformOp:orient", "xformOp:scale"]
            }

            def Xform "ceiling_0005" (
                prepend references = @./Meshes/ceiling_0005.usd@
            )
            {
                quatf xformOp:orient = (1, -0, 0, -0)
                float3 xformOp:scale = (0.6190646, 1.4247985, 0.44039965)
                double3 xformOp:translate = (-1.59694580078125, -1.828326417306634, 2.600909768062999)
                uniform token[] xformOpOrder = ["xformOp:translate", "xformOp:orient", "xformOp:scale"]
            }

            def Xform "ceiling_0006" (
                prepend references = @./Meshes/ceiling_0006.usd@
            )
            {
                quatf xformOp:orient = (1, -0, 0, -0)
                float3 xformOp:scale = (0.6190646, 1.4247985, 0.44039965)
                double3 xformOp:translate = (-4.411783142089844, -4.726277711414795, 2.6009098955158456)
                uniform token[] xformOpOrder = ["xformOp:translate", "xformOp:orient", "xformOp:scale"]
            }

            def Xform "ceiling_0007" (
                prepend references = @./Meshes/ceiling_0007.usd@
            )
            {
                quatf xformOp:orient = (1, -0, 0, -0)
                float3 xformOp:scale = (0.6190646, 1.4247985, 0.44039965)
                double3 xformOp:translate = (-2.6478564453125, -4.683545166539914, 2.7506458817214625)
                uniform token[] xformOpOrder = ["xformOp:translate", "xformOp:orient", "xformOp:scale"]
            }

            def Xform "ceiling_0008" (
                prepend references = @./Meshes/ceiling_0008.usd@
            )
            {
                quatf xformOp:orient = (1, -0, 0, -0)
                float3 xformOp:scale = (0.6190646, 1.4247985, 0.44039965)
                double3 xformOp:translate = (-2.5077687072753907, -7.62128620016627, 2.6009098188034545)
                uniform token[] xformOpOrder = ["xformOp:translate", "xformOp:orient", "xformOp:scale"]
            }

            def Xform "ceiling_0009" (
                prepend references = @./Meshes/ceiling_0009.usd@
            )
            {
                quatf xformOp:orient = (1, -0, 0, -0)
                float3 xformOp:scale = (0.6190646, 1.4247985, 0.44039965)
                double3 xformOp:translate = (-3.4294699096679686, -7.621286238894887, 2.600909812903444)
                uniform token[] xformOpOrder = ["xformOp:translate", "xformOp:orient", "xformOp:scale"]
            }

            def Xform "ceiling_0010" (
                prepend references = @./Meshes/ceiling_0010.usd@
            )
            {
                quatf xformOp:orient = (1, -0, 0, -0)
                float3 xformOp:scale = (0.6190646, 1.4247985, 0.44039965)
                double3 xformOp:translate = (-1.59694580078125, -7.62128630734091, 2.60090973803883)
                uniform token[] xformOpOrder = ["xformOp:translate", "xformOp:orient", "xformOp:scale"]
            }

            def Xform "ceiling_0011" (
                prepend references = @./Meshes/ceiling_0011.usd@
            )
            {
                quatf xformOp:orient = (1, -0, 0, -0)
                float3 xformOp:scale = (0.6190646, 1.4247985, 0.44039965)
                double3 xformOp:translate = (-3.4294699096679686, -1.8283264905781522, 2.600909842953862)
                uniform token[] xformOpOrder = ["xformOp:translate", "xformOp:orient", "xformOp:scale"]
            }

            def Xform "ceiling_0012" (
                prepend references = @./Meshes/ceiling_0012.usd@
            )
            {
                quatf xformOp:orient = (1, -0, 0, -0)
                float3 xformOp:scale = (0.6190646, 1.4247985, 0.44039965)
                double3 xformOp:translate = (-1.3200691223144532, -5.816221504595707, 2.7506458376479404)
                uniform token[] xformOpOrder = ["xformOp:translate", "xformOp:orient", "xformOp:scale"]
            }

            def Xform "ceiling_0013" (
                prepend references = @./Meshes/ceiling_0013.usd@
            )
            {
                quatf xformOp:orient = (1, -0, 0, -0)
                float3 xformOp:scale = (0.6190646, 1.4247985, 0.44039965)
                double3 xformOp:translate = (-1.3200691223144532, -3.5279808057343685, 2.7506457231722807)
                uniform token[] xformOpOrder = ["xformOp:translate", "xformOp:orient", "xformOp:scale"]
            }

            def Xform "ceiling_0014" (
                prepend references = @./Meshes/ceiling_0014.usd@
            )
            {
                quatf xformOp:orient = (1, -0, 0, -0)
                float3 xformOp:scale = (0.6190646, 1.4247985, 0.44039965)
                double3 xformOp:translate = (-1.8248962402343751, -4.683544938262563, 2.7506458684915307)
                uniform token[] xformOpOrder = ["xformOp:translate", "xformOp:orient", "xformOp:scale"]
            }

            def Xform "ceiling_0015" (
                prepend references = @./Meshes/ceiling_0015.usd@
            )
            {
                quatf xformOp:orient = (1, -0, 0, -0)
                float3 xformOp:scale = (0.6190646, 1.4247985, 0.44039965)
                double3 xformOp:translate = (-0.8589278411865234, -4.683545014778248, 2.750645736584897)
                uniform token[] xformOpOrder = ["xformOp:translate", "xformOp:orient", "xformOp:scale"]
            }

            def Xform "ceiling_0016" (
                prepend references = @./Meshes/ceiling_0016.usd@
            )
            {
                quatf xformOp:orient = (1, -0, 0, -0)
                float3 xformOp:scale = (0.6190646, 1.4247985, 0.44039965)
                double3 xformOp:translate = (-3.1089987182617187, -5.816221575252983, 2.750645842057917)
                uniform token[] xformOpOrder = ["xformOp:translate", "xformOp:orient", "xformOp:scale"]
            }

            def Xform "ceiling_0017" (
                prepend references = @./Meshes/ceiling_0017.usd@
            )
            {
                quatf xformOp:orient = (1, -0, 0, -0)
                float3 xformOp:scale = (0.6190646, 1.4247985, 0.44039965)
                double3 xformOp:translate = (-3.1089987182617187, -3.5279805739334495, 2.750645727582258)
                uniform token[] xformOpOrder = ["xformOp:translate", "xformOp:orient", "xformOp:scale"]
            }

            def Xform "ceiling_0018" (
                prepend references = @./Meshes/ceiling_0018.usd@
            )
            {
                quatf xformOp:orient = (1, -0, 0, -0)
                float3 xformOp:scale = (0.6190646, 1.4247985, 0.44039965)
                double3 xformOp:translate = (-3.6138272094726562, -4.683544934439349, 2.750645828827986)
                uniform token[] xformOpOrder = ["xformOp:translate", "xformOp:orient", "xformOp:scale"]
            }

            def Xform "ceiling_0019" (
                prepend references = @./Meshes/ceiling_0019.usd@
            )
            {
                quatf xformOp:orient = (1, -0, 0, -0)
                float3 xformOp:scale = (0.6190646, 1.4247985, 0.44039965)
                double3 xformOp:translate = (-2.5077687072753907, -1.8283264968193078, 2.6009098253139533)
                uniform token[] xformOpOrder = ["xformOp:translate", "xformOp:orient", "xformOp:scale"]
            }

            def Xform "ceiling_0020" (
                prepend references = @./Meshes/ceiling_0020.usd@
            )
            {
                quatf xformOp:orient = (1, -0, 0, -0)
                float3 xformOp:scale = (0.6072353, 0.7687915, 0.6891629)
                double3 xformOp:translate = (-3.409141888283839, 0.1628941514964663, 2.6999997914143288)
                uniform token[] xformOpOrder = ["xformOp:translate", "xformOp:orient", "xformOp:scale"]
            }

            def Xform "ceiling_0021" (
                prepend references = @./Meshes/ceiling_0021.usd@
            )
            {
                quatf xformOp:orient = (1, -0, 0, -0)
                float3 xformOp:scale = (0.65784967, 0.9917865, 1.0337445)
                double3 xformOp:translate = (4.994067285946239, 0.849564942931238, 2.749999534535131)
                uniform token[] xformOpOrder = ["xformOp:translate", "xformOp:orient", "xformOp:scale"]
            }

            def Xform "ceiling_0022" (
                prepend references = @./Meshes/ceiling_0022.usd@
            )
            {
                quatf xformOp:orient = (1, -0, 0, -0)
                float3 xformOp:scale = (0.65784967, 1.0567365, 1.0337445)
                double3 xformOp:translate = (4.994067285946239, -6.168080670788122, 2.7499995345351307)
                uniform token[] xformOpOrder = ["xformOp:translate", "xformOp:orient", "xformOp:scale"]
            }

            def Xform "ceiling_0023" (
                prepend references = @./Meshes/ceiling_0023.usd@
            )
            {
                quatf xformOp:orient = (1, -0, 0, -0)
                float3 xformOp:scale = (10, 10, 10)
                double3 xformOp:translate = (-6.14148203, 1.1660190000000001, 2.3756868)
                uniform token[] xformOpOrder = ["xformOp:translate", "xformOp:orient", "xformOp:scale"]
            }

            def Xform "ceiling_0024" (
                prepend references = @./Meshes/ceiling_0024.usd@
            )
            {
                quatf xformOp:orient = (1, -0, 0, -0)
                float3 xformOp:scale = (10, 10, 10)
                double3 xformOp:translate = (5.61766756, -2.59419852, 2.3756868)
                uniform token[] xformOpOrder = ["xformOp:translate", "xformOp:orient", "xformOp:scale"]
            }

            def Xform "ceiling_0025" (
                prepend references = @./Meshes/ceiling_0025.usd@
            )
            {
                quatf xformOp:orient = (1, -0, 0, -0)
                float3 xformOp:scale = (10, 10, 10)
                double3 xformOp:translate = (4.99406697, -5.88085202, 2.80000004)
                uniform token[] xformOpOrder = ["xformOp:translate", "xformOp:orient", "xformOp:scale"]
            }

            def Xform "ceiling_0026" (
                prepend references = @./Meshes/ceiling_0026.usd@
            )
            {
                quatf xformOp:orient = (1, -0, 0, -0)
                float3 xformOp:scale = (10, 10, 10)
                double3 xformOp:translate = (4.99406697, 1.21990901, 2.80000004)
                uniform token[] xformOpOrder = ["xformOp:translate", "xformOp:orient", "xformOp:scale"]
            }

            def Xform "ceiling_0027" (
                prepend references = @./Meshes/ceiling_0027.usd@
            )
            {
                quatf xformOp:orient = (1, -0, 0, -0)
                float3 xformOp:scale = (10, 10, 10)
                double3 xformOp:translate = (-1.3760578799999998, -3.29199242, 2.80000004)
                uniform token[] xformOpOrder = ["xformOp:translate", "xformOp:orient", "xformOp:scale"]
            }

            def Xform "ceiling_0028" (
                prepend references = @./Meshes/ceiling_0028.usd@
            )
            {
                quatf xformOp:orient = (1, -0, 0, -0)
                float3 xformOp:scale = (10, 10, 10)
                double3 xformOp:translate = (-0.27759521, -2.73687988, 2.8501001)
                uniform token[] xformOpOrder = ["xformOp:translate", "xformOp:orient", "xformOp:scale"]
            }
        }

        def Scope "floor"
        {
            def Xform "floor_0000" (
                prepend references = @./Meshes/floor_0000.usd@
            )
            {
                quatf xformOp:orient = (1, -0, 0, -0)
                float3 xformOp:scale = (10, 10, 10)
                double3 xformOp:translate = (-1.37605764, -3.2919981000000003, -9.376672096550465e-9)
                uniform token[] xformOpOrder = ["xformOp:translate", "xformOp:orient", "xformOp:scale"]
            }

            def Xform "floor_0001" (
                prepend references = @./Meshes/floor_0001.usd@
            )
            {
                quatf xformOp:orient = (1, -0, 0, -0)
                float3 xformOp:scale = (10, 10, 10)
                double3 xformOp:translate = (-6.14148203, 1.16601906, -9.376672096550465e-9)
                uniform token[] xformOpOrder = ["xformOp:translate", "xformOp:orient", "xformOp:scale"]
            }

            def Xform "floor_0002" (
                prepend references = @./Meshes/floor_0002.usd@
            )
            {
                quatf xformOp:orient = (1, -0, 0, -0)
                float3 xformOp:scale = (10, 10, 10)
                double3 xformOp:translate = (4.99406697, -5.88085214, -9.376672096550465e-9)
                uniform token[] xformOpOrder = ["xformOp:translate", "xformOp:orient", "xformOp:scale"]
            }

            def Xform "floor_0003" (
                prepend references = @./Meshes/floor_0003.usd@
            )
            {
                quatf xformOp:orient = (1, -0, 0, -0)
                float3 xformOp:scale = (10, 10, 10)
                double3 xformOp:translate = (4.99406697, 1.2199092, -9.376672096550465e-9)
                uniform token[] xformOpOrder = ["xformOp:translate", "xformOp:orient", "xformOp:scale"]
            }

            def Xform "floor_0004" (
                prepend references = @./Meshes/floor_0004.usd@
            )
            {
                quatf xformOp:orient = (1, -0, 0, -0)
                float3 xformOp:scale = (10, 10, 10)
                double3 xformOp:translate = (5.61766756, -2.59419828, -9.376672096550465e-9)
                uniform token[] xformOpOrder = ["xformOp:translate", "xformOp:orient", "xformOp:scale"]
            }

            def Xform "floor_0005" (
                prepend references = @./Meshes/floor_0005.usd@
            )
            {
                quatf xformOp:orient = (1, -0, 0, -0)
                float3 xformOp:scale = (10, 10, 10)
                double3 xformOp:translate = (-0.27759521, -2.73687988, -0.3000050906208344)
                uniform token[] xformOpOrder = ["xformOp:translate", "xformOp:orient", "xformOp:scale"]
            }
        }
    }

    def "Rendering"
    {
        def "Lights"
        {
            def DistantLight "DirectionalLight"
            {
                float angle = 0.5357
                uniform opaque collection:lightLink
                uniform token collection:lightLink:expansionRule = "expandPrims"
                uniform bool collection:lightLink:includeRoot = 1
                uniform pathExpression collection:lightLink:membershipExpression
                uniform opaque collection:shadowLink
                uniform token collection:shadowLink:expansionRule = "expandPrims"
                uniform bool collection:shadowLink:includeRoot = 1
                uniform pathExpression collection:shadowLink:membershipExpression
                color3f color = (1, 1, 1)
                float colorTemperature = 6500
                bool enableColorTemperature = 0
                float inputs:angle = 1
                color3f inputs:color = (1, 1, 1)
                float inputs:colorTemperature = 6500
                float inputs:diffuse = 1
                bool inputs:enableColorTemperature = 0
                float inputs:exposure = 0
                float inputs:intensity = 1989.4366
                bool inputs:normalize = 0
                float inputs:specular = 1
                float intensity = 1989.4366
                uniform token light:materialSyncMode = "noMaterialResponse"
                uniform token light:shaderId = "DistantLight"
                uniform token purpose = "default"
                token visibility = "inherited"
                bool visibleInPrimaryRay = 0
                quatd xformOp:orient = (0.7969722012493731, 0.5077273049097972, 0.1757949737241377, 0.27594278663899197)
                double3 xformOp:scale = (2.5, 2.5, 2.5)
                double3 xformOp:translate = (-1.1600000000000001, -3.61, 1.1999999999999995)
                uniform token[] xformOpOrder = ["xformOp:translate", "xformOp:orient", "xformOp:scale"]
            }

            def DomeLight "DomeLight"
            {
                uniform opaque collection:lightLink
                uniform token collection:lightLink:expansionRule = "expandPrims"
                uniform bool collection:lightLink:includeRoot = 1
                uniform pathExpression collection:lightLink:membershipExpression
                uniform opaque collection:shadowLink
                uniform token collection:shadowLink:expansionRule = "expandPrims"
                uniform bool collection:shadowLink:includeRoot = 1
                uniform pathExpression collection:shadowLink:membershipExpression
                float guideRadius = 100000
                color3f inputs:color = (1, 1, 1)
                float inputs:colorTemperature = 6500
                float inputs:diffuse = 1
                bool inputs:enableColorTemperature = 0
                float inputs:exposure = 0
                float inputs:intensity = 1000
                bool inputs:normalize = 0
                float inputs:shaping:cone:angle = 180
                float inputs:shaping:cone:softness = 0
                float inputs:shaping:focus = 0
                color3f inputs:shaping:focusTint = (0, 0, 0)
                float inputs:shaping:ies:angleScale = 0
                asset inputs:shaping:ies:file
                bool inputs:shaping:ies:normalize = 0
                float inputs:specular = 1
                asset inputs:texture:file = @./limpopo_golf_course_4k.hdr@
                token inputs:texture:format = "latlong"
                uniform token light:materialSyncMode = "noMaterialResponse"
                uniform token light:shaderId = "DomeLight"
                uniform token purpose = "default"
                token visibility = "inherited"
                quatd xformOp:orient = (1, 0, 0, 0)
                double3 xformOp:scale = (1, 1, 1)
                double3 xformOp:translate = (0, 0, 0)
                uniform token[] xformOpOrder = ["xformOp:translate", "xformOp:orient", "xformOp:scale"]
            }
        }
    }
}

def "Render" (
    hide_in_stage_window = true
    no_delete = true
)
{
    def "OmniverseKit"
    {
        def "HydraTextures" (
            hide_in_stage_window = true
            no_delete = true
        )
        {
            def RenderProduct "omni_kit_widget_viewport_ViewportTexture_0" (
                prepend apiSchemas = ["OmniRtxSettingsCommonAdvancedAPI_1", "OmniRtxSettingsRtAdvancedAPI_1", "OmniRtxSettingsPtAdvancedAPI_1", "OmniRtxPostColorGradingAPI_1", "OmniRtxPostChromaticAberrationAPI_1", "OmniRtxPostBloomPhysicalAPI_1", "OmniRtxPostMatteObjectAPI_1", "OmniRtxPostCompositingAPI_1", "OmniRtxPostDofAPI_1", "OmniRtxPostMotionBlurAPI_1", "OmniRtxPostTvNoiseAPI_1", "OmniRtxPostTonemapIrayReinhardAPI_1", "OmniRtxPostDebugSettingsAPI_1", "OmniRtxDebugSettingsAPI_1"]
                hide_in_stage_window = true
                no_delete = true
            )
            {
                rel camera = </OmniverseKit_Persp>
                token omni:rtx:background:source:texture:textureMode = "repeatMirrored"
                token omni:rtx:background:source:type = "domeLight"
                bool omni:rtx:dlss:frameGeneration = 0
                string omni:rtx:material:db:rtSensorNameToIdMap = "DefaultMaterial:0;AsphaltStandardMaterial:1;AsphaltWeatheredMaterial:2;VegetationGrassMaterial:3;WaterStandardMaterial:4;GlassStandardMaterial:5;FiberGlassMaterial:6;MetalAlloyMaterial:7;MetalAluminumMaterial:8;MetalAluminumOxidizedMaterial:9;PlasticStandardMaterial:10;RetroMarkingsMaterial:11;RetroSignMaterial:12;RubberStandardMaterial:13;SoilClayMaterial:14;ConcreteRoughMaterial:15;ConcreteSmoothMaterial:16;OakTreeBarkMaterial:17;FabricStandardMaterial:18;PlexiGlassStandardMaterial:19;MetalSilverMaterial:20"
                bool omni:rtx:material:db:syncLoads = 1
                bool omni:rtx:post:registeredCompositing:invertColorCorrection = 1
                bool omni:rtx:post:registeredCompositing:invertToneMap = 1
                float omni:rtx:pt:fireflyFilter:maxPerEmissiveUnexposedIntensity = 10204.08
                float omni:rtx:pt:fireflyFilter:maxUnexposedIntensityPerSample = 10204.08
                float omni:rtx:pt:fireflyFilter:maxUnexposedIntensityPerSampleDiffuse = 10204.08
                bool omni:rtx:pt:lightcache:cached:dontResolveConflicts = 1
                int omni:rtx:pt:maxSamplesPerLaunch = 2073600
                int omni:rtx:pt:mgpu:maxPixelsPerRegionExponent = 12
                color3f omni:rtx:rt:ambientLight:color = (0.1, 0.1, 0.1)
                bool omni:rtx:rt:demoire = 0
                float omni:rtx:rt:directLighting:maxRayUnexposedIntensity = 20408.16
                float omni:rtx:rt:indirectdiffuse:maxRayUnexposedIntensity = 20408.16
                float omni:rtx:rt:inscattering:maxRTSampleUnexposedIntensity = 653061.1
                bool omni:rtx:rt:lightcache:spatialCache:dontResolveConflicts = 1
                float omni:rtx:rt:reflections:maxRayUnexposedIntensity = 61224.484
                float omni:rtx:rt:reflections:roughnessCacheThreshold = 1
                float omni:rtx:rt:refractions:maxRayUnexposedIntensity = 61224.484
                bool omni:rtx:scene:hydra:materialSyncLoads = 1
                bool omni:rtx:scene:hydra:mdlMaterialWarmup = 1
                uint omni:rtx:viewTile:limit = 4294967295
                rel orderedVars = </Render/Vars/LdrColor>
                custom bool overrideClipRange = 0
                uniform int2 resolution = (1280, 720)
            }
        }
    }

    def RenderSettings "OmniverseGlobalRenderSettings" (
        prepend apiSchemas = ["OmniRtxSettingsGlobalRtAdvancedAPI_1", "OmniRtxSettingsGlobalPtAdvancedAPI_1"]
        no_delete = true
    )
    {
        rel products = </Render/OmniverseKit/HydraTextures/omni_kit_widget_viewport_ViewportTexture_0>
    }

    def "Vars"
    {
        def RenderVar "LdrColor" (
            hide_in_stage_window = true
            no_delete = true
        )
        {
            uniform string sourceName = "LdrColor"
        }
    }
}

